doctorID,ORGANIZATION,NAME,Lastname,GENDER,specialization,ADDRESS,CITY,STATE,LAT,LON,dataset
2fcefb80-d587-3053-9512-d1d208c3662b,69176529-fd1f-3b3f-abce-a0a3626769eb,Janette321,Fisher429,F,GENERAL PRACTICE,330 MOUNT AUBURN STREET,CAMBRIDGE,MA,42.375967,-71.118275,synthea
67e5d1f7-49ee-3489-81e1-9657deb2b194,5e765f2b-e908-3888-9fc7-df2cb87beb58,Chauncey770,Steuber698,M,GENERAL PRACTICE,211 PARK STREET,ATTLEBORO,MA,41.931653,-71.294503,synthea
7b6bb97c-ff23-3e04-8e36-eea6987b8747,f1fbcbfb-fcfa-3bd2-b7f4-df20f1b3c3a4,Whitney250,Wyman904,M,GENERAL PRACTICE,ONE GENERAL STREET,LAWRENCE,MA,42.700273,-71.161357,synthea
a7a478fe-d0a7-3b89-a959-fe708bb8edf9,e002090d-4e92-300e-b41e-7d1f21dee4c6,Wilfredo622,Medhurst46,M,GENERAL PRACTICE,1493 CAMBRIDGE STREET,CAMBRIDGE,MA,42.375967,-71.118275,synthea
d1501808-0f32-32a5-9897-cd54f62a3884,ef6ab57c-ed94-3dbe-9861-812d515918b3,Tuan998,Fadel536,M,GENERAL PRACTICE,88 LEWIS BAY ROAD,HYANNIS,MA,41.748854,-70.740536,synthea
3054a399-07dc-31cd-91c1-0d2f94bb21f5,49318f80-bd8b-3fc7-a096-ac43088b0c12,Bernard308,Carter549,M,GENERAL PRACTICE,30 LOCUST STREET,NORTHAMPTON,MA,42.327044,-72.67463,synthea
87e0b7a6-314d-30ee-ac4a-733e29c1e145,8b58cdd1-3d79-3126-8fe0-da2c54d6805c,Sancho742,Arevalo970,M,GENERAL PRACTICE,2100 DORCHESTER AVENUE,BOSTON,MA,42.33196,-71.020173,synthea
c31279a9-0d8c-3d3e-8219-3ec0fc12d3e2,ecc51621-0af3-3b35-ac3e-8b1e34022e92,Cecille691,Halvorson124,F,GENERAL PRACTICE,795 MIDDLE STREET,FALL RIVER,MA,41.725351,-71.094162,synthea
75a77b0a-488e-3621-8158-a56f93bb4d09,37b4d73f-652d-3033-a16e-d97b9e8b4cda,Jerold208,Spencer878,M,GENERAL PRACTICE,25 HIGHLAND AVENUE,NEWBURYPORT,MA,42.812141,-70.886646,synthea
1a9f3c4b-182c-3285-935c-700fdeb6269f,08bcda9c-f8c8-3244-82d4-fc306a7a55d3,Jesus702,Crona259,M,GENERAL PRACTICE,1 BOSTON MEDICAL CENTER PLACE,BOSTON,MA,42.33196,-71.020173,synthea
a8cce2ca-7024-34e4-bf5b-7695c02cdf68,4861d01f-019c-3dac-a153-8334e50919f9,Jame231,Jacobi462,M,GENERAL PRACTICE,81 HIGHLAND AVENUE,SALEM,MA,42.50128,-70.897502,synthea
afa7276b-763d-36b9-bcc8-8082054236b8,a0b6ec0c-e587-3b2a-bf9f-248849f29ee5,Edmundo94,Leffler128,M,GENERAL PRACTICE,736 CAMBRIDGE STREET,BRIGHTON,MA,42.33196,-71.020173,synthea
90152d2c-fa00-3001-8aa1-f824b6adcf84,f71ce1a9-cca7-3295-9a1e-c88ac3479b6f,Marvin195,Glover433,M,GENERAL PRACTICE,157 UNION STREET,MARLBOROUGH,MA,42.349617,-71.547214,synthea
7a5527c8-de7a-35ac-b6b4-b5242a68066e,c44f361c-2efb-3050-8f97-0354a12e2920,Louetta798,Thompson596,F,GENERAL PRACTICE,680 CENTER STREET,BROCKTON,MA,42.082543,-71.024638,synthea
89aa9cd2-2952-37d9-b573-dfb51010e803,b1ddf812-1fdd-3adf-b1d5-32cc8bd07ebb,Ingrid581,Jacobson885,F,GENERAL PRACTICE,275 SANDWICH STREET,PLYMOUTH,MA,41.897892,-70.62403,synthea
a23bf48b-a4b9-351f-91b4-631619840158,b0e04623-b02c-3f8b-92ea-943fc4db60da,Irene779,Santiago500,F,GENERAL PRACTICE,295 VARNUM AVENUE,LOWELL,MA,42.638893,-71.322107,synthea
12d1ce81-0ba6-3c00-ad57-43f8a064e4ac,ebc3f5c4-6700-34af-8323-85621c313726,Lorenza655,Ziemann98,F,GENERAL PRACTICE,115 WEST SILVER STREET,WESTFIELD,MA,42.138838,-72.755911,synthea
0784a60f-8c78-3fe0-aa33-979076c008b9,fd328395-ab1d-35c6-a2d0-d05a9a79cf11,Lurlene215,Windler79,F,GENERAL PRACTICE,271 CAREW STREET,SPRINGFIELD,MA,42.115454,-72.539978,synthea
9ebc1cd0-2b43-3c9a-9058-de499bffdbbd,d692e283-0833-3201-8e55-4f868a9c0736,Damaris45,Borer986,F,GENERAL PRACTICE,585 LEBANON STREET,MELROSE,MA,42.455723,-71.059019,synthea
7fae0ddb-af00-343e-9532-3824b681c778,8ad64ecf-c817-3753-bee7-006a8e662e06,Thea616,Harris789,F,GENERAL PRACTICE,88 WASHINGTON STREET,TAUNTON,MA,41.903323,-71.094984,synthea
3b1b936a-dc67-368f-8427-06fdb720bb45,23834663-ed53-3da9-b330-d6e1ecb8428e,Hugo693,Adame662,M,GENERAL PRACTICE,363 HIGHLAND AVENUE,FALL RIVER,MA,41.725351,-71.094162,synthea
e155337f-c8d7-358d-8a9b-dbfac76f1640,60457c13-adb2-3415-82c5-86ab5dab5f93,Henry768,Paucek755,M,GENERAL PRACTICE,759 CHESTNUT STREET,SPRINGFIELD,MA,42.115454,-72.539978,synthea
d4487b3b-6f87-3ddb-9ea3-dace0ccba86e,a9f20dc1-5147-3789-bcef-bbecb41c5983,Deon400,Schulist381,M,GENERAL PRACTICE,70 EAST STREET,METHUEN,MA,42.742751,-71.178588,synthea
982df1f5-a521-3bc8-906e-155eb13a1356,7fb56531-86bd-3e4a-8619-4df9942da309,Jenniffer979,Ebert178,F,GENERAL PRACTICE,148 CHESTNUT STREET,NEEDHAM,MA,42.281593,-71.242414,synthea
dd0da256-7d71-3bb8-bacc-25865276af12,03347b4d-994e-302b-848b-58019a4e274d,Alix578,Lynch190,F,GENERAL PRACTICE,133 OLD ROAD TO 9 ACRE CORNER,W CONCORD,MA,42.269478,-71.807783,synthea
fc46b165-a861-3ebe-bd0f-9aa16f5910a4,cb6a50e0-af76-3758-99ad-3200ede03fff,Trina350,Cummings51,F,GENERAL PRACTICE,330 BROOKLINE AVENUE,BOSTON,MA,42.33196,-71.020173,synthea
78cb0f6c-9f25-3bfb-8993-347c02ada93f,24cb4eab-6166-3530-bddc-a5a8a14a4fc1,Olive251,Pollich983,F,GENERAL PRACTICE,14 PROSPECT STREET,MILFORD,MA,42.158692,-71.521419,synthea
38a98719-8600-38ef-9ea4-9fccc9d84ea0,ac8356a5-78f8-3a63-8a1e-59e832fd54e7,Grady603,Green467,M,GENERAL PRACTICE,200 GROTON ROAD,AYER,MA,42.562221,-71.584844,synthea
126c7e17-d373-3104-9466-f16934afecc7,db0acede-4abe-3c01-8d03-5c68a190d8c7,Daren950,Nienow652,M,GENERAL PRACTICE,55 FOGG ROAD,SOUTH WEYMOUTH,MA,42.241589,-71.082651,synthea
df443e16-4e2b-3101-a934-24dde009eb56,3d10019f-c88e-3de5-9916-6107b9c0263d,Darrick836,Franecki195,M,GENERAL PRACTICE,2014 WASHINGTON STREET,NEWTON,MA,42.331876,-71.208402,synthea
3d7aadb0-6efc-3c08-9746-9331559c657a,f4e7709c-02f6-37ca-aeea-8247d74e88e7,Leonie332,Hirthe744,F,GENERAL PRACTICE,41 HIGHLAND AVENUE,WINCHESTER,MA,42.452752,-71.144319,synthea
1f3885b3-6e2f-364e-8c3c-bac8dda461bf,12c9daf5-a29c-36c9-ac55-28972463e566,Patria17,Rutherford999,F,GENERAL PRACTICE,199 REEDSDALE ROAD,MILTON,MA,42.241589,-71.082651,synthea
39a9d3e9-17e0-3d04-af9a-fc33e2d9e8ea,226098a2-6a40-3588-b5bb-db56c3a30a04,Hal307,Renner328,M,GENERAL PRACTICE,235 NORTH PEARL STREET,BROCKTON,MA,42.082543,-71.024638,synthea
4e8ec0dd-f274-3d19-811a-20ce0b07477e,b7175ab4-bde5-3848-891b-579bccb77c7c,Arnette709,Conroy74,F,GENERAL PRACTICE,800 WASHINGTON STREET,BOSTON,MA,42.33196,-71.020173,synthea
94c33331-f2a6-3a5a-8d4c-8720f46523e5,d733d4a9-080d-3593-b910-2366e652b7ea,Winnie378,Witting912,F,GENERAL PRACTICE,1153 CENTRE STREET,BOSTON,MA,42.33196,-71.020173,synthea
fa3f8814-24b4-31ce-b057-f66cbb7ed7cb,3bd5eda0-16da-3ba5-8500-4dfd6ae118b8,Courtney281,Bradtke547,M,GENERAL PRACTICE,800 WASHINGTON STREET,NORWOOD,MA,42.18736,-71.195955,synthea
3671d9f6-e7d4-34ba-bcb8-1ab00d7e35ab,d5117822-5756-389d-9547-891a372d580f,Owen89,Kunde533,M,GENERAL PRACTICE,67 & 100 TER HEUN DRIVE,FALMOUTH,MA,41.57072,-70.556682,synthea
2a627393-4bf1-386e-979b-03b082dd5cbe,f99c74cc-7d1a-3f95-9a33-4a9357bf2f2a,Keven605,Mueller846,M,GENERAL PRACTICE,55 LAKE AVENUE NORTH,WORCESTER,MA,42.269478,-71.807783,synthea
3ce7dad0-5912-32d8-b041-650871371670,6f122869-a856-3d65-8db9-099bf4f5bbb8,Demetrice140,Crooks415,F,GENERAL PRACTICE,41 & 45 MALL ROAD,BURLINGTON,MA,42.503227,-71.201713,synthea
c8c59a90-3302-36f4-8154-940fadee68c0,465de31f-3098-365c-af70-48a071e1f5aa,Houston994,Schiller186,M,GENERAL PRACTICE,115 LINCOLN STREET,FRAMINGHAM,MA,42.307905,-71.436196,synthea
0e1262c7-a79c-3a93-ba3e-9cb62889a4ae,1eaf97fa-9de6-38de-a9c4-6efe5dc574be,Aline709,Turner526,F,GENERAL PRACTICE,123 SUMMER STREET,WORCESTER,MA,42.269478,-71.807783,synthea
e5bee85a-db44-381c-b218-27b27652f138,80e919cc-df1a-3838-b75e-541564a286e5,Donnell534,Lehner980,M,GENERAL PRACTICE,57 PROSPECT STREET,NANTUCKET,MA,41.293416,-70.102169,synthea
fd1046cb-b009-395f-ab73-53352f941a11,956ccb85-bea0-30f9-af48-52f5dd95ff72,Irwin931,Ankunding277,M,GENERAL PRACTICE,30 WARREN STREET,BRIGHTON,MA,42.33196,-71.020173,synthea
d9251492-19d9-3c1a-a258-4513d13b50c8,d7b11827-25f2-350b-bcd8-939fc59851b0,Adrian111,Murazik203,M,GENERAL PRACTICE,300 LONGWOOD AVENUE,BOSTON,MA,42.33196,-71.020173,synthea
31f977ec-58b8-3209-bfd9-d9c5eaafd252,5103c940-0c08-392f-95cd-446e0cea042a,Harris789,Funk324,M,GENERAL PRACTICE,516 CAREW STREET,SPRINGFIELD,MA,42.115454,-72.539978,synthea
acee8906-378c-38e1-97af-07f28ada3788,ff9863d3-3fa3-3861-900e-f00148f5d9c2,Linsey338,Hilll811,F,GENERAL PRACTICE,51 BLOSSOM STREET,BOSTON,MA,42.33196,-71.020173,synthea
fc4d5e76-e3d7-3837-9138-88c1aea7f0bb,a7500efb-720b-3e44-990a-0c3edc5a3990,Lon587,Quitzon246,M,GENERAL PRACTICE,1400 VFW Parkway,West Roxbury,MA,42.2793,-71.1657,synthea
6bca2948-b959-3372-b808-c7123c57037c,e0c85f99-d520-3f26-8dcd-cfbf172afc5a,Magdalene960,D'Amore443,F,GENERAL PRACTICE,108 Merrimack St.,Haverhill,MA,42.77449,-71.07901,synthea
7bce426c-e338-3681-92c0-aaf33ff5df7c,cb72194a-b1fd-3089-afb6-cb8bb61f4f9c,Cristobal567,Fritsch593,M,GENERAL PRACTICE,116 Long Pond Road,Plymouth,MA,41.924313,-70.656654,synthea
fb0770bb-11ab-3026-a057-bfa1838e54ea,36f3b4f2-9e17-3b2b-b080-eab3c7fda7fb,Lady554,Terry864,F,CLINICAL SOCIAL WORKER,53 CHESTNUT ST,SOUTH DARTMOUTH,MA,41.661303,-70.937913,synthea
dc062355-fa5b-31e4-88a8-eb2cf0c0d456,36f3b4f2-9e17-3b2b-b080-eab3c7fda7fb,Lady554,Terry864,F,GENERAL PRACTICE,53 CHESTNUT ST,SOUTH DARTMOUTH,MA,41.661303,-70.937913,synthea
47102763-3f3d-3b97-b210-a67e55be2fc4,0de9633c-54dd-39cb-947c-8ab5ecdf93a2,Juana825,Benavides239,F,CLINICAL SOCIAL WORKER,2 SHAKER RD,SHIRLEY,MA,42.573654,-71.640986,synthea
b517cde6-6bb8-3184-8959-f56be21e53ad,0de9633c-54dd-39cb-947c-8ab5ecdf93a2,Thurman577,Heathcote539,M,CLINICAL SOCIAL WORKER,2 SHAKER RD,SHIRLEY,MA,42.573654,-71.640986,synthea
66047a66-ad67-30a2-9164-a9e0b2698b92,0de9633c-54dd-39cb-947c-8ab5ecdf93a2,Kathrine376,Leffler128,F,GENERAL PRACTICE,2 SHAKER RD,SHIRLEY,MA,42.573654,-71.640986,synthea
b62e3769-f8e4-3348-9999-3ba86cfa178a,3adbc956-6e12-324b-bbf9-c297cbc531dc,Maragret485,Casper496,F,CLINICAL SOCIAL WORKER,301 EDGEWATER PL,WAKEFIELD,MA,42.50436,-71.064061,synthea
49af43d4-3241-3111-81f8-6cbda938387c,3adbc956-6e12-324b-bbf9-c297cbc531dc,Lizeth852,Weissnat378,F,CLINICAL SOCIAL WORKER,301 EDGEWATER PL,WAKEFIELD,MA,42.50436,-71.064061,synthea
6d118e60-37a7-39cd-95f3-b3c7856775ef,3adbc956-6e12-324b-bbf9-c297cbc531dc,Maragret485,Casper496,F,GENERAL PRACTICE,301 EDGEWATER PL,WAKEFIELD,MA,42.50436,-71.064061,synthea
3eac377a-d78f-32c1-8d0d-a442e22841d1,7d370bcc-dba9-3314-8e0b-4b260b91b53e,Myrl830,Upton904,F,CHIROPRACTIC,227 E ST,METHUEN,MA,42.742751,-71.178588,synthea
3ef63d7b-6f73-3e0c-ae90-9654e82a4823,7d370bcc-dba9-3314-8e0b-4b260b91b53e,Myrl830,Upton904,F,GENERAL PRACTICE,227 E ST,METHUEN,MA,42.742751,-71.178588,synthea
7b5615f3-c795-37f2-815e-596c01ec9e32,a3e7750b-1fba-3d70-ba3b-e88e6ac86ba9,Ezekiel373,Baumbach677,M,PSYCHIATRY,49 HANCOCK ST,CAMBRIDGE,MA,42.376043,-71.11868,synthea
8ef8e71b-482e-3cfd-9122-61f00ba35113,a3e7750b-1fba-3d70-ba3b-e88e6ac86ba9,Jesús825,Echevarría842,M,PSYCHIATRY,49 HANCOCK ST,CAMBRIDGE,MA,42.376043,-71.11868,synthea
6f4effbc-3a11-38a9-ac13-8f02b7331a7e,a3e7750b-1fba-3d70-ba3b-e88e6ac86ba9,Eloisa55,Urbina137,F,PSYCHIATRY,49 HANCOCK ST,CAMBRIDGE,MA,42.376043,-71.11868,synthea
89af1a8d-3141-30a9-b9e9-a1714c634365,a3e7750b-1fba-3d70-ba3b-e88e6ac86ba9,Toccara373,Baumbach677,F,CLINICAL PSYCHOLOGIST,49 HANCOCK ST,CAMBRIDGE,MA,42.376043,-71.11868,synthea
73bf93f8-7bd9-3f57-a32f-1ab9a27913a2,a3e7750b-1fba-3d70-ba3b-e88e6ac86ba9,Quinn173,Bode78,F,CLINICAL PSYCHOLOGIST,49 HANCOCK ST,CAMBRIDGE,MA,42.376043,-71.11868,synthea
7256161d-67c4-38c1-9faa-e08428584c12,a3e7750b-1fba-3d70-ba3b-e88e6ac86ba9,Chauncey770,Hudson301,M,CLINICAL PSYCHOLOGIST,49 HANCOCK ST,CAMBRIDGE,MA,42.376043,-71.11868,synthea
b8314ae9-a06b-383d-b632-c4ad231394a8,a3e7750b-1fba-3d70-ba3b-e88e6ac86ba9,Gerardo48,Solís294,M,CLINICAL PSYCHOLOGIST,49 HANCOCK ST,CAMBRIDGE,MA,42.376043,-71.11868,synthea
b409af9d-2e4c-3330-8e71-0753d7830558,a3e7750b-1fba-3d70-ba3b-e88e6ac86ba9,Malcom15,Lesch175,M,CLINICAL PSYCHOLOGIST,49 HANCOCK ST,CAMBRIDGE,MA,42.376043,-71.11868,synthea
c3c0661f-8a70-349d-a262-24b2b1f62f7e,a3e7750b-1fba-3d70-ba3b-e88e6ac86ba9,Lonna614,Herman763,F,CLINICAL PSYCHOLOGIST,49 HANCOCK ST,CAMBRIDGE,MA,42.376043,-71.11868,synthea
a6878b30-9163-3349-b709-4af8cc921f8e,a3e7750b-1fba-3d70-ba3b-e88e6ac86ba9,Carlota980,Prieto999,F,CLINICAL PSYCHOLOGIST,49 HANCOCK ST,CAMBRIDGE,MA,42.376043,-71.11868,synthea
8bcfa2f6-292e-3566-9ec2-5c986d727f71,a3e7750b-1fba-3d70-ba3b-e88e6ac86ba9,Ned189,Prohaska837,M,CLINICAL PSYCHOLOGIST,49 HANCOCK ST,CAMBRIDGE,MA,42.376043,-71.11868,synthea
2f4fe46a-2267-3373-aead-0b67c4de58c7,a3e7750b-1fba-3d70-ba3b-e88e6ac86ba9,Ezekiel373,Baumbach677,M,CLINICAL SOCIAL WORKER,49 HANCOCK ST,CAMBRIDGE,MA,42.376043,-71.11868,synthea
57d1e75a-4381-3770-a3d1-25487833be93,a3e7750b-1fba-3d70-ba3b-e88e6ac86ba9,Jesús825,Echevarría842,M,CLINICAL SOCIAL WORKER,49 HANCOCK ST,CAMBRIDGE,MA,42.376043,-71.11868,synthea
607db7b2-6f3c-36c0-a86d-4ff4c75dff7e,a3e7750b-1fba-3d70-ba3b-e88e6ac86ba9,Mateo562,Urbina137,M,CLINICAL SOCIAL WORKER,49 HANCOCK ST,CAMBRIDGE,MA,42.376043,-71.11868,synthea
27f77841-dd81-3f94-a258-78c3332cd278,a3e7750b-1fba-3d70-ba3b-e88e6ac86ba9,Toccara373,Baumbach677,F,GENERAL PRACTICE,49 HANCOCK ST,CAMBRIDGE,MA,42.376043,-71.11868,synthea
f3edbf2d-d960-3ffc-9908-899d2c868510,2299ba38-a12b-3186-a0e4-df3156f452bb,Lavern240,Hamill307,M,OPTOMETRY,2 CENTRAL ST,GEORGETOWN,MA,42.726188,-70.983328,synthea
0df53ffc-d9a9-35a6-b760-97b2ee6ae879,2299ba38-a12b-3186-a0e4-df3156f452bb,Russel238,Collins926,M,OPTOMETRY,2 CENTRAL ST,GEORGETOWN,MA,42.726188,-70.983328,synthea
b7dec70b-1c19-3ff2-ba71-1e33dc149f65,2299ba38-a12b-3186-a0e4-df3156f452bb,Grady603,King743,M,OPTOMETRY,2 CENTRAL ST,GEORGETOWN,MA,42.726188,-70.983328,synthea
b504d51e-3c20-31e7-a80b-70eeb25bd5c3,2299ba38-a12b-3186-a0e4-df3156f452bb,Marvin195,Gislason620,M,OPTOMETRY,2 CENTRAL ST,GEORGETOWN,MA,42.726188,-70.983328,synthea
d6fe2a08-d9ec-32f3-ac68-810c5fa3685d,2299ba38-a12b-3186-a0e4-df3156f452bb,Fallon874,Hamill307,F,GENERAL PRACTICE,2 CENTRAL ST,GEORGETOWN,MA,42.726188,-70.983328,synthea
e4acb919-97b7-34d4-ad1c-d10f7e059645,647cdf69-624c-3829-a6fe-7e291931d745,Gregory545,Beer512,M,GENERAL PRACTICE,115 MILL ST,BELMONT,MA,42.395317,-71.180284,synthea
58ff4e67-3e89-36d7-975b-96dff06c676d,32836213-4ac7-3021-aad8-6383f3ced351,Martha161,Ledner144,F,OPTOMETRY,1 HOLLYWOOD DR,GRAFTON,MA,42.209151,-71.683644,synthea
d2284c52-a627-31a9-a1ec-40e4469263db,32836213-4ac7-3021-aad8-6383f3ced351,Martha161,Ledner144,F,GENERAL PRACTICE,1 HOLLYWOOD DR,GRAFTON,MA,42.209151,-71.683644,synthea
05bb52e4-5af3-30c4-a00d-394c902efd86,777aafd6-1743-3ea6-89ff-99d9e3608aad,Humberto482,Blanda868,M,CLINICAL SOCIAL WORKER,616 MAIN ST,DENNIS,MA,41.706123,-70.164823,synthea
557757b1-c40a-37d0-96d4-b42904436d45,777aafd6-1743-3ea6-89ff-99d9e3608aad,Myron933,Toy286,M,CLINICAL SOCIAL WORKER,616 MAIN ST,DENNIS,MA,41.706123,-70.164823,synthea
bfaec065-c04f-382b-98e5-9d2d3621e48b,777aafd6-1743-3ea6-89ff-99d9e3608aad,Humberto482,Blanda868,M,GENERAL PRACTICE,616 MAIN ST,DENNIS,MA,41.706123,-70.164823,synthea
5ee85995-cf35-32f2-a3f0-078287cb0134,5e6f8a00-6072-30cd-988a-a615e9cc3b2f,Elaina826,Stoltenberg489,F,OPTOMETRY,1287 WILBUR AVE,SOMERSET,MA,41.738479,-71.165065,synthea
813ab5cd-e7f7-3245-9615-2ea8a8537387,5e6f8a00-6072-30cd-988a-a615e9cc3b2f,Debi992,Parisian75,F,OPTOMETRY,1287 WILBUR AVE,SOMERSET,MA,41.738479,-71.165065,synthea
4dce6f1b-b624-3c61-bad2-14ed877378d3,5e6f8a00-6072-30cd-988a-a615e9cc3b2f,Augustine565,Stoltenberg489,M,GENERAL PRACTICE,1287 WILBUR AVE,SOMERSET,MA,41.738479,-71.165065,synthea
c0edd869-7432-3424-83a8-60d52a03016f,daa4c408-5fc5-32a8-881e-12181e8b8598,Jere230,Renner328,M,PSYCHIATRY,11 PROSPECT ST,SHERBORN,MA,42.231947,-71.372963,synthea
632f0208-ec99-3865-8578-84fa6fd82fc4,daa4c408-5fc5-32a8-881e-12181e8b8598,Alexa171,Renner328,F,GENERAL PRACTICE,11 PROSPECT ST,SHERBORN,MA,42.231947,-71.372963,synthea
3a764899-cc2c-395c-b144-28fc720fa5c6,eb2ff81c-7e34-39e2-bd1b-c71062abf146,Blanche121,Ebert178,F,PHYSICAL THERAPY,26 E CHESTNUT ST,SHARON,MA,42.108463,-71.185182,synthea
4357068e-bc13-35c4-9ab4-d62d9fc1521c,eb2ff81c-7e34-39e2-bd1b-c71062abf146,Elliot577,Ebert178,M,GENERAL PRACTICE,26 E CHESTNUT ST,SHARON,MA,42.108463,-71.185182,synthea
b6caa14e-1a8c-395f-85a9-69e63c746e0f,cf66ee2f-b2a1-3bc2-990c-cdd7fa71f385,Ignacio928,Marín855,M,GENERAL PRACTICE,169 PINE ST,NATICK,MA,42.284822,-71.348811,synthea
24425e3b-f5bc-3c17-b7ea-bd1ecb43ae01,cf66ee2f-b2a1-3bc2-990c-cdd7fa71f385,Jamaal34,Crist667,M,INTERNAL MEDICINE,169 PINE ST,NATICK,MA,42.284822,-71.348811,synthea
9c5d3200-838d-3c03-8fde-b63690d94ab9,32cea709-9cc0-3f5b-b6f6-c151ec4e5aa8,Elin732,Lowe577,F,CLINICAL SOCIAL WORKER,109 ADAMS ST,SAGAMORE,MA,41.782888,-70.5321,synthea
d5734dad-91bf-3677-9709-65bca0988d4d,32cea709-9cc0-3f5b-b6f6-c151ec4e5aa8,Porter490,Lowe577,M,GENERAL PRACTICE,109 ADAMS ST,SAGAMORE,MA,41.782888,-70.5321,synthea
27fc85bf-46d2-3866-91f1-461e2f6a6602,b3e30964-03f2-3136-8347-255d16f65d93,Darrin898,Mayer370,M,GENERAL PRACTICE,379 MAIN ST,YARMOUTH PORT,MA,41.70692,-70.221117,synthea
f433538c-71e2-3bc1-8043-6d6dcce0ffbf,b08d2ff9-6036-3c87-b003-6cfda96c3c89,Ardell826,Effertz744,F,GENERAL PRACTICE,84 HIGH ST,MEDFORD,MA,42.423844,-71.109231,synthea
e2d6cdea-c458-3d47-acf5-6026218f5fa0,d87bf0e7-718d-35c2-a4c2-13ab7d79d6a1,Edgardo196,Lesch175,M,CLINICAL PSYCHOLOGIST,57 DAVIS AVE,WEST NEWTON,MA,42.331876,-71.208402,synthea
6f25f88e-7b29-393d-84ed-8ef01e73ad5d,d87bf0e7-718d-35c2-a4c2-13ab7d79d6a1,Arlyne429,Lesch175,F,GENERAL PRACTICE,57 DAVIS AVE,WEST NEWTON,MA,42.331876,-71.208402,synthea
5adaee5d-57b7-33b1-9227-1f840a62c694,8faadfc5-b60b-3093-a76e-93bb9b31c96f,Eliseo499,Koelpin146,M,GENERAL PRACTICE,1415 BEACON ST,BROOKLINE,MA,42.323853,-71.142003,synthea
a218921a-4490-3992-9aa2-26c88eae47fc,5ab09188-b98d-3a83-82d0-4aa782e2b9c9,Toshia520,Mraz590,F,PSYCHIATRY,187 CONCORD RD,WAYLAND,MA,42.360427,-71.361099,synthea
7dac9b41-1746-3206-9d50-afa3c7f9609c,5ab09188-b98d-3a83-82d0-4aa782e2b9c9,Toshia520,Mraz590,F,CLINICAL PSYCHOLOGIST,187 CONCORD RD,WAYLAND,MA,42.360427,-71.361099,synthea
07e58396-606e-3263-b8cf-40b16d2c5cb8,5ab09188-b98d-3a83-82d0-4aa782e2b9c9,Toshia520,Mraz590,F,GENERAL PRACTICE,187 CONCORD RD,WAYLAND,MA,42.360427,-71.361099,synthea
345fea5f-c012-3770-b51d-35a218ce1460,7fb56fd2-71ad-336a-9204-57765bd1e5d4,Eric487,Hilll811,M,CLINICAL PSYCHOLOGIST,425 N RD,HAMPDEN,MA,42.071188,-72.417718,synthea
a163f1e5-ad69-38b4-a0dc-f0676087cb9d,7fb56fd2-71ad-336a-9204-57765bd1e5d4,Jammie261,Hilll811,F,GENERAL PRACTICE,425 N RD,HAMPDEN,MA,42.071188,-72.417718,synthea
6df2f393-591f-34a1-85e0-b656c1c738c8,2c99c7b3-87df-39f4-8394-d3dd1af524c0,Anthony633,Wolf938,M,GENERAL PRACTICE,9 ALEXANDER AVE,BELMONT,MA,42.395317,-71.180284,synthea
b85cbc07-7f07-36c9-93f7-6d45daa7d55d,d9f38152-255d-3619-a83f-45b56649563e,Corey514,Kemmer137,M,CLINICAL PSYCHOLOGIST,3 CONCORD AVE,CAMBRIDGE,MA,42.376043,-71.11868,synthea
5a73f88c-d6ab-3305-a626-740a18b615c6,d9f38152-255d-3619-a83f-45b56649563e,Eloisa55,Friesen796,F,CLINICAL PSYCHOLOGIST,3 CONCORD AVE,CAMBRIDGE,MA,42.376043,-71.11868,synthea
7359097c-2536-30c6-b3fa-453bb754c5b7,d9f38152-255d-3619-a83f-45b56649563e,Corey514,Kemmer137,M,CLINICAL SOCIAL WORKER,3 CONCORD AVE,CAMBRIDGE,MA,42.376043,-71.11868,synthea
3a384075-3b5d-37d9-a130-8280016621ee,d9f38152-255d-3619-a83f-45b56649563e,Eloisa55,Friesen796,F,CLINICAL SOCIAL WORKER,3 CONCORD AVE,CAMBRIDGE,MA,42.376043,-71.11868,synthea
1387fccb-13f5-3347-9798-dbf4914cc470,d9f38152-255d-3619-a83f-45b56649563e,Fumiko79,Kemmer137,F,GENERAL PRACTICE,3 CONCORD AVE,CAMBRIDGE,MA,42.376043,-71.11868,synthea
ecdcf33f-545c-3865-b89d-561f941cc2ba,db6b935d-f8bb-3512-9871-143284ce464c,Rochel591,Barrows492,F,PHYSICAL THERAPY,28 DRIFTWAY,SCITUATE,MA,42.205062,-70.742978,synthea
2b7b442e-eadf-39c4-b38e-1a1665c64e6c,db6b935d-f8bb-3512-9871-143284ce464c,Jame231,Stamm704,M,PHYSICAL THERAPY,28 DRIFTWAY,SCITUATE,MA,42.205062,-70.742978,synthea
d4e4b56b-f5b6-3cd7-8f87-7e207a0e1f07,db6b935d-f8bb-3512-9871-143284ce464c,Hobert364,Daniel959,M,PHYSICAL THERAPY,28 DRIFTWAY,SCITUATE,MA,42.205062,-70.742978,synthea
c5d2fad7-1382-3fad-b107-d47be9c644f0,db6b935d-f8bb-3512-9871-143284ce464c,Darin74,Barrows492,M,GENERAL PRACTICE,28 DRIFTWAY,SCITUATE,MA,42.205062,-70.742978,synthea
ccc941b9-8dd7-32a6-bcbf-30bde3fb9a25,dc34b00a-ed8c-3c95-9286-8612fa377810,Barrett790,Lueilwitz711,M,CHIROPRACTIC,119 WHITING ST,HINGHAM,MA,42.224319,-70.880673,synthea
8f33851b-be4f-390e-9e30-10651a59f42f,dc34b00a-ed8c-3c95-9286-8612fa377810,Jenette717,Lueilwitz711,F,GENERAL PRACTICE,119 WHITING ST,HINGHAM,MA,42.224319,-70.880673,synthea
799aeb75-813c-3118-ba4d-f6cb0f0de751,d7951884-93b0-3a1c-b974-ae7f4f5efaa7,Toby274,Schultz619,F,PSYCHIATRY,444 MONTGOMERY ST,CHICOPEE,MA,42.175668,-72.572257,synthea
f8e1b464-2880-33d8-b30b-5b315e132597,d7951884-93b0-3a1c-b974-ae7f4f5efaa7,Vicente970,Nazario58,M,PSYCHIATRY,444 MONTGOMERY ST,CHICOPEE,MA,42.175668,-72.572257,synthea
10de5192-fae6-331e-9ec2-756c48a6d386,d7951884-93b0-3a1c-b974-ae7f4f5efaa7,Jae222,Schultz619,M,GENERAL PRACTICE,444 MONTGOMERY ST,CHICOPEE,MA,42.175668,-72.572257,synthea
66ce8871-4063-34e6-ad4f-de098a609ddd,37a78ec3-505f-361f-b6fa-aaafed77cd01,Aubrey96,Hartmann983,M,CLINICAL SOCIAL WORKER,14 LOON HILL RD,DRACUT,MA,42.679723,-71.30068,synthea
2e99e405-331b-3faf-9f82-d0390486c45b,37a78ec3-505f-361f-b6fa-aaafed77cd01,Erich201,Cremin516,M,CLINICAL SOCIAL WORKER,14 LOON HILL RD,DRACUT,MA,42.679723,-71.30068,synthea
563549f4-4537-3d11-9384-f89b2ef4e39f,37a78ec3-505f-361f-b6fa-aaafed77cd01,Sherryl893,Koepp521,F,CLINICAL SOCIAL WORKER,14 LOON HILL RD,DRACUT,MA,42.679723,-71.30068,synthea
d8dc6578-e42a-3602-86fa-0143cde94129,37a78ec3-505f-361f-b6fa-aaafed77cd01,Carrol931,Kutch271,M,CLINICAL SOCIAL WORKER,14 LOON HILL RD,DRACUT,MA,42.679723,-71.30068,synthea
35aa3189-69ab-3b34-a52b-c5d4d97c1696,37a78ec3-505f-361f-b6fa-aaafed77cd01,Audie868,Shields502,F,CLINICAL SOCIAL WORKER,14 LOON HILL RD,DRACUT,MA,42.679723,-71.30068,synthea
27a1bfa2-4add-30d4-bd64-827bee67409b,37a78ec3-505f-361f-b6fa-aaafed77cd01,Alissa315,Nolan344,F,CLINICAL SOCIAL WORKER,14 LOON HILL RD,DRACUT,MA,42.679723,-71.30068,synthea
4e2b466d-1d3d-306e-b973-417802e6e4a8,37a78ec3-505f-361f-b6fa-aaafed77cd01,Katherin596,Pacocha935,F,CLINICAL SOCIAL WORKER,14 LOON HILL RD,DRACUT,MA,42.679723,-71.30068,synthea
1a4b4b06-1fea-3fca-a91e-302a6deefcc7,37a78ec3-505f-361f-b6fa-aaafed77cd01,Amado512,Kuhn96,M,CLINICAL SOCIAL WORKER,14 LOON HILL RD,DRACUT,MA,42.679723,-71.30068,synthea
a9d2c7b4-76e5-3612-b048-e37aa212bb53,37a78ec3-505f-361f-b6fa-aaafed77cd01,Minh326,Schumm995,F,CLINICAL SOCIAL WORKER,14 LOON HILL RD,DRACUT,MA,42.679723,-71.30068,synthea
88225865-e8e4-3f6d-a867-da86057dfaf7,37a78ec3-505f-361f-b6fa-aaafed77cd01,Lanora971,Nicolas769,F,CLINICAL SOCIAL WORKER,14 LOON HILL RD,DRACUT,MA,42.679723,-71.30068,synthea
d918c4ba-d871-34bc-9dea-fee3b9378470,37a78ec3-505f-361f-b6fa-aaafed77cd01,Kellee902,Romaguera67,F,CLINICAL SOCIAL WORKER,14 LOON HILL RD,DRACUT,MA,42.679723,-71.30068,synthea
38e186a8-af9f-3951-bf2e-4dbd04357948,37a78ec3-505f-361f-b6fa-aaafed77cd01,Myles862,Marquardt819,M,CLINICAL SOCIAL WORKER,14 LOON HILL RD,DRACUT,MA,42.679723,-71.30068,synthea
134f83ba-14d6-37d1-b7fb-e0aa09516c94,37a78ec3-505f-361f-b6fa-aaafed77cd01,Maximo817,Cummerata161,M,CLINICAL SOCIAL WORKER,14 LOON HILL RD,DRACUT,MA,42.679723,-71.30068,synthea
a785142a-13d4-30ad-aa64-310caccbf9a2,37a78ec3-505f-361f-b6fa-aaafed77cd01,Carina240,Doyle959,F,CLINICAL SOCIAL WORKER,14 LOON HILL RD,DRACUT,MA,42.679723,-71.30068,synthea
2e95cf94-81d5-32bc-9df4-88f11937e605,37a78ec3-505f-361f-b6fa-aaafed77cd01,Samuel331,Abeyta738,M,CLINICAL SOCIAL WORKER,14 LOON HILL RD,DRACUT,MA,42.679723,-71.30068,synthea
8905e661-b259-3681-9d13-88961e84add7,37a78ec3-505f-361f-b6fa-aaafed77cd01,Georgia502,Hegmann834,F,CLINICAL SOCIAL WORKER,14 LOON HILL RD,DRACUT,MA,42.679723,-71.30068,synthea
f00717e8-644b-31fb-a492-b273c934711d,37a78ec3-505f-361f-b6fa-aaafed77cd01,Mose244,O'Kon634,M,CLINICAL SOCIAL WORKER,14 LOON HILL RD,DRACUT,MA,42.679723,-71.30068,synthea
e5b3e6af-e4fa-326d-af51-43ee29b32637,37a78ec3-505f-361f-b6fa-aaafed77cd01,Traci329,Krajcik437,F,CLINICAL SOCIAL WORKER,14 LOON HILL RD,DRACUT,MA,42.679723,-71.30068,synthea
461c0680-009f-39e2-b928-6c3fe0c9d943,37a78ec3-505f-361f-b6fa-aaafed77cd01,Dwana281,Hartmann983,F,GENERAL PRACTICE,14 LOON HILL RD,DRACUT,MA,42.679723,-71.30068,synthea
1fa8854c-60da-357e-8693-56a73d08b9cf,35a49dfd-7ce3-3ef2-bbb3-eab67a5f26c3,Myong12,Doyle959,F,ORAL SURGERY,2 ANDOVER RD,BILLERICA,MA,42.559673,-71.260947,synthea
adf38672-fd8d-3935-8c60-32da3eb24658,35a49dfd-7ce3-3ef2-bbb3-eab67a5f26c3,Lauran65,Ferry570,F,ORAL SURGERY,2 ANDOVER RD,BILLERICA,MA,42.559673,-71.260947,synthea
1e6c9509-1619-37ef-a3d7-b2e2fdf2790e,35a49dfd-7ce3-3ef2-bbb3-eab67a5f26c3,Myong12,Doyle959,F,MAXILLOFACIAL SURGERY,2 ANDOVER RD,BILLERICA,MA,42.559673,-71.260947,synthea
6c1f9e37-f303-38d8-ab11-d965e7a9a84d,35a49dfd-7ce3-3ef2-bbb3-eab67a5f26c3,Manual570,Doyle959,M,GENERAL PRACTICE,2 ANDOVER RD,BILLERICA,MA,42.559673,-71.260947,synthea
ebe34ee2-dd33-3b3a-ad17-8a8cd49a96ef,2cbcfc43-4c0e-307d-b38d-c9424197f5f2,Leslie90,Cronin387,M,GENERAL PRACTICE,2 BAY RD,HADLEY,MA,42.356491,-72.568632,synthea
79e63003-d495-3dd8-b3e6-6fbcccd17295,f5c2ed46-d994-33c7-bc9e-c723b8ad24a0,Hans694,Feil794,M,PODIATRY,1 ORR SQUARE C,REVERE,MA,42.421005,-70.99036,synthea
e6519c6a-cd4d-3f9a-81ba-ed3cb3020e49,f5c2ed46-d994-33c7-bc9e-c723b8ad24a0,Hans694,Feil794,M,GENERAL PRACTICE,1 ORR SQUARE C,REVERE,MA,42.421005,-70.99036,synthea
cea44aeb-58c4-39fb-893e-cfd2b6093535,61b47b41-0b19-3bc0-99d3-b58924900135,Rosendo998,Swift555,M,CLINICAL PSYCHOLOGIST,55 HERITAGE CIR,EASTHAM,MA,41.841572,-69.988926,synthea
4fd386a0-486b-3670-9571-948a203549c6,61b47b41-0b19-3bc0-99d3-b58924900135,Rosendo998,Swift555,M,GENERAL PRACTICE,55 HERITAGE CIR,EASTHAM,MA,41.841572,-69.988926,synthea
c159d583-e635-38c4-a201-ff7b3229deb0,4e3d8199-a3b0-3957-8037-9868914de356,Isiah14,Rice937,M,CHIROPRACTIC,2703 BOSTON RD,WILBRAHAM,MA,42.126883,-72.430952,synthea
30556793-0e0f-3491-91b7-32cfc071b6f0,4e3d8199-a3b0-3957-8037-9868914de356,Gracie337,Rice937,F,GENERAL PRACTICE,2703 BOSTON RD,WILBRAHAM,MA,42.126883,-72.430952,synthea
b6f93e56-9467-38d3-ac84-d3e406820bd8,3660f6e2-3e99-397f-851d-d303179a6420,Lamont867,Boyle917,M,GENERAL PRACTICE,95 CHAPEL ST,NORWOOD,MA,42.187364,-71.195971,synthea
ed3fed38-25d3-3ec6-bf33-fcdfc164bc51,99157068-4f0d-3906-8723-d8b7fda349f5,Armando772,DuBuque211,M,CHIROPRACTIC,1533 LAKEVIEW AVE,DRACUT,MA,42.679723,-71.30068,synthea
a5dd6ff8-1a78-30c6-889d-06f91c33eff8,99157068-4f0d-3906-8723-d8b7fda349f5,Emery884,Bailey598,M,CHIROPRACTIC,1533 LAKEVIEW AVE,DRACUT,MA,42.679723,-71.30068,synthea
a1d82fb8-fc54-30bc-add1-0341eca8fbba,99157068-4f0d-3906-8723-d8b7fda349f5,Armando772,DuBuque211,M,GENERAL PRACTICE,1533 LAKEVIEW AVE,DRACUT,MA,42.679723,-71.30068,synthea
212e419a-dd16-362a-b8ea-1af970975360,bcb26f1b-a37d-37dd-8819-c5dd6b6d9f74,Earl438,Keebler762,M,GENERAL PRACTICE,22 PLEASANT ST,WEST BRIDGEWATER,MA,42.021617,-71.026717,synthea
22a653aa-c0b1-3cde-9dda-222dfe32c0ca,1c9f06a8-38bb-3d07-99b2-176d626bc4c2,Jermaine675,Koelpin146,M,GENERAL PRACTICE,111 WASHINGTON ST,PLAINVILLE,MA,42.012797,-71.336578,synthea
98439c5d-c3d3-361d-b1a1-8b539564eeda,d9242200-7588-3df0-8ff0-61a45b07c487,Hugh686,Von197,M,CLINICAL SOCIAL WORKER,32 NYE AVE,ACUSHNET,MA,41.718217,-70.901151,synthea
26f24a80-e96b-3a76-9834-20013bb15808,d9242200-7588-3df0-8ff0-61a45b07c487,Hugh686,Von197,M,GENERAL PRACTICE,32 NYE AVE,ACUSHNET,MA,41.718217,-70.901151,synthea
cfd4ff25-6585-3b2d-aad4-12f604c3fd4c,19d864b3-f2aa-3e44-a81e-e78c8b6b3e42,Brenton674,Mayert710,M,GENERAL PRACTICE,250 POND ST,BRAINTREE,MA,42.205416,-71.002168,synthea
6f326e0b-3c82-379b-a070-b0363218a0e2,1776755d-7040-3d15-b588-d67de0149d76,Judi176,Deckow585,F,OCCUPATIONAL THERAPY,5 CROWLEY RD,WESTHAMPTON,MA,42.314078,-72.777977,synthea
78941301-e794-31b2-950a-9c9a0e048079,1776755d-7040-3d15-b588-d67de0149d76,Judi176,Deckow585,F,GENERAL PRACTICE,5 CROWLEY RD,WESTHAMPTON,MA,42.314078,-72.777977,synthea
e00850ca-2d91-3404-979c-ad0dcf18365a,0df2dc22-39fd-3ce4-88e7-fc7ba32b8156,Ranee391,Lubowitz58,F,GENERAL PRACTICE,192 WORCESTER ST,NATICK,MA,42.284822,-71.348811,synthea
de2e6452-5028-3616-97c9-3d16b9cd9a09,ae072d0e-0be7-3627-ad1e-8be87110de63,Emilia403,Villaseñor332,F,GENERAL PRACTICE,50 LOOMIS ST,BEDFORD,MA,42.499295,-71.281889,synthea
1b5c110a-c374-3d2a-9c08-542700ecd3e5,ae072d0e-0be7-3627-ad1e-8be87110de63,Grover559,DuBuque211,M,INTERNAL MEDICINE,50 LOOMIS ST,BEDFORD,MA,42.499295,-71.281889,synthea
f1eaabb8-7842-37a5-ab04-5ab2f4f8f3d3,04c749da-634e-3e9e-9806-a5052635370e,Mason910,Bahringer146,M,CHIROPRACTIC,1592 GAR HWY,SOMERSET,MA,41.738479,-71.165065,synthea
c0e0a66b-b27d-3936-a6c6-e8ab15f7a2d6,04c749da-634e-3e9e-9806-a5052635370e,Maya972,Bahringer146,F,GENERAL PRACTICE,1592 GAR HWY,SOMERSET,MA,41.738479,-71.165065,synthea
ec5a6d69-d2c4-3238-b802-a1214005a150,5f5140f3-df3b-3af2-bc42-a671fc6a5a28,Francisca486,Greenfelder433,F,OPTOMETRY,17 N AVE,ROCKLAND,MA,42.129251,-70.908736,synthea
a175785f-b97c-3cd6-82ab-dbc2cb3a17e2,5f5140f3-df3b-3af2-bc42-a671fc6a5a28,Francisca486,Greenfelder433,F,GENERAL PRACTICE,17 N AVE,ROCKLAND,MA,42.129251,-70.908736,synthea
1e96aaae-9ce7-3d2c-92a6-707d16646a51,772e1736-8918-30f3-8d49-e9912f93368d,Rogelio17,Bogisich202,M,CHIROPRACTIC,303 CHIEF JUSTICE CUSHING HWY,SCITUATE,MA,42.205062,-70.742978,synthea
83b68721-6d56-325f-9cd8-bc3c72eabd22,772e1736-8918-30f3-8d49-e9912f93368d,Rogelio17,Bogisich202,M,GENERAL PRACTICE,303 CHIEF JUSTICE CUSHING HWY,SCITUATE,MA,42.205062,-70.742978,synthea
ea2e2e23-6116-3158-87bd-ef0a2aec0688,317b4c11-0445-3de4-9079-7436349286e9,Aurora248,Stokes453,F,PODIATRY,795 MAIN ST,HOLDEN,MA,42.355801,-71.862574,synthea
cc7c9842-136d-3f15-92dd-bc5b193dd5af,317b4c11-0445-3de4-9079-7436349286e9,Aurora248,Stokes453,F,GENERAL PRACTICE,795 MAIN ST,HOLDEN,MA,42.355801,-71.862574,synthea
0c25ca6a-38f5-33e8-a6b5-64235df4cdfd,f842c306-8746-31a4-a740-817ff64d755b,Naida467,Gottlieb798,F,PODIATRY,90 TAUNTON ST,WRENTHAM,MA,42.052671,-71.356858,synthea
2754c518-543d-34fc-9c3c-d2c38adb4cf7,f842c306-8746-31a4-a740-817ff64d755b,Edgar153,Gottlieb798,M,GENERAL PRACTICE,90 TAUNTON ST,WRENTHAM,MA,42.052671,-71.356858,synthea
218cb1a2-383d-3c7b-99fe-2d0c0ebc868d,c3cb8431-f347-39cd-a26b-dadc38da9fc5,Gilbert263,Bernier607,M,CHIROPRACTIC,124 RUSSELL ST,WORCESTER,MA,42.269478,-71.807783,synthea
31033ca7-e926-3387-9770-86dc92a7424c,c3cb8431-f347-39cd-a26b-dadc38da9fc5,Leonor133,Bañuelos542,F,GENERAL PRACTICE,124 RUSSELL ST,WORCESTER,MA,42.269478,-71.807783,synthea
6e76755d-a76f-3c85-a9a1-35b50dbbf75d,150d4bec-d11c-3014-8818-45127743725d,Timothy142,Beatty507,M,PHYSICAL THERAPY,69 BAYVIEW AVE,BERKLEY,MA,41.838061,-71.077615,synthea
6f46691e-7efd-3287-a066-0819b022ff11,150d4bec-d11c-3014-8818-45127743725d,Danille883,Beatty507,F,GENERAL PRACTICE,69 BAYVIEW AVE,BERKLEY,MA,41.838061,-71.077615,synthea
2f7528ff-0ca1-3cd5-988c-ca8f3ea8d06d,e23d9fdf-52c8-3168-a479-a339b5985ce2,Chaya236,Glover433,F,PHYSICAL THERAPY,55 R WASHINGTON ST,NORWELL,MA,42.164569,-70.818844,synthea
06c93157-a385-32dd-b058-e0554a0a94fc,e23d9fdf-52c8-3168-a479-a339b5985ce2,Tory770,Borer986,M,PHYSICAL THERAPY,55 R WASHINGTON ST,NORWELL,MA,42.164569,-70.818844,synthea
f4df247e-3a74-3839-9ae8-728eddd13111,e23d9fdf-52c8-3168-a479-a339b5985ce2,Mauro926,Glover433,M,GENERAL PRACTICE,55 R WASHINGTON ST,NORWELL,MA,42.164569,-70.818844,synthea
9e36fae9-bcbc-3b45-8f5a-6fbb1231ed77,8e7be35d-c07f-300c-bd19-ffd1933e3e8f,Aurelio227,Abernathy524,M,OPTOMETRY,100 VALLEY PKWY,WHITINSVILLE,MA,42.119228,-71.671822,synthea
d32a8083-3ab7-3b7a-8817-4bea64347673,8e7be35d-c07f-300c-bd19-ffd1933e3e8f,Emma804,Bauch723,F,OPTOMETRY,100 VALLEY PKWY,WHITINSVILLE,MA,42.119228,-71.671822,synthea
148cbba0-ee6a-3a01-9963-65efd8f266ab,8e7be35d-c07f-300c-bd19-ffd1933e3e8f,Sancho742,Ocampo729,M,GENERAL PRACTICE,100 VALLEY PKWY,WHITINSVILLE,MA,42.119228,-71.671822,synthea
595054e6-76a5-3876-a777-4c09b0782a46,5a8f2730-6156-364e-9bd6-49a429cf6f6b,Wilbur107,Boehm581,M,GENERAL PRACTICE,1 GENERAL ST,LAWRENCE,MA,42.700273,-71.161357,synthea
8bd8c470-c766-3339-a82b-e34e3c1664e6,2969739b-bdaa-358a-8238-b68226093f51,Consuela482,Grimes165,F,GENERAL PRACTICE,725 CONCORD AVE,CAMBRIDGE,MA,42.376043,-71.11868,synthea
4f49299b-2f1d-3d07-a5a4-8cf09cd5dc3e,83fea8e1-cec3-3912-a20e-60a2ec95bb76,Theron432,Larson43,M,GENERAL PRACTICE,1 BROOKLINE PL,BROOKLINE,MA,42.323853,-71.142003,synthea
7ac8abcd-b0b3-39a0-b8c4-a40cdc0e1d91,ce0e9649-2966-3cbe-ac50-f8b38fd4aa28,Neal874,Hauck852,M,GENERAL PRACTICE,2100 DORCHESTER AVE,DORCHESTER,MA,42.33196,-71.020173,synthea
783d009c-9935-35d8-b593-6ab443ca5d60,f16be999-a065-35c2-90d5-13cc32170aad,Branda994,Effertz744,F,PSYCHIATRY,76 CHURCH ST,WHITINSVILLE,MA,42.119228,-71.671822,synthea
9488106c-b40f-3562-bf72-60fd0f006f24,f16be999-a065-35c2-90d5-13cc32170aad,María,Eugenia578,Bustamante966,PSYCHIATRY,76 CHURCH ST,WHITINSVILLE,MA,42.119228,-71.671822,synthea
d0dfa895-c4fb-3dcc-9d22-efff82f6444a,f16be999-a065-35c2-90d5-13cc32170aad,Vaughn909,Effertz744,M,CLINICAL SOCIAL WORKER,76 CHURCH ST,WHITINSVILLE,MA,42.119228,-71.671822,synthea
755d82f0-6a1f-3914-9b58-01310f4ade2b,f16be999-a065-35c2-90d5-13cc32170aad,Toshia520,Bartell116,F,CLINICAL SOCIAL WORKER,76 CHURCH ST,WHITINSVILLE,MA,42.119228,-71.671822,synthea
431163d5-bf50-3d2f-9632-a4e8dbbeace3,f16be999-a065-35c2-90d5-13cc32170aad,Heriberto162,Marvin195,M,CLINICAL SOCIAL WORKER,76 CHURCH ST,WHITINSVILLE,MA,42.119228,-71.671822,synthea
e84f5b14-cd2c-3381-bb8f-45e39c5e95ae,f16be999-a065-35c2-90d5-13cc32170aad,Chanell45,Huel628,F,CLINICAL SOCIAL WORKER,76 CHURCH ST,WHITINSVILLE,MA,42.119228,-71.671822,synthea
9585184f-df56-3c8c-9ef5-df1aacd30552,f16be999-a065-35c2-90d5-13cc32170aad,Branda994,Effertz744,F,GENERAL PRACTICE,76 CHURCH ST,WHITINSVILLE,MA,42.119228,-71.671822,synthea
d731c73f-9b9c-3fe9-8128-5ae2b0d5f21d,f16be999-a065-35c2-90d5-13cc32170aad,Vaughn909,Effertz744,M,CLINICAL NURSE SPECIALIST,76 CHURCH ST,WHITINSVILLE,MA,42.119228,-71.671822,synthea
b9833be2-49d2-3365-bfaf-98480a55a63f,f16be999-a065-35c2-90d5-13cc32170aad,Jacob959,Bartell116,M,CLINICAL NURSE SPECIALIST,76 CHURCH ST,WHITINSVILLE,MA,42.119228,-71.671822,synthea
5014f633-c84b-3daa-96ff-7451418dc6b2,812f8ee9-ff72-3836-8106-25b473039db9,Ezequiel972,Nolan344,M,PHYSICAL THERAPY,31 W GROVE ST,MIDDLEBORO,MA,41.894223,-70.925689,synthea
c7e17327-6418-3fd5-b90b-f8b554205641,812f8ee9-ff72-3836-8106-25b473039db9,Gianna370,Koepp521,F,PHYSICAL THERAPY,31 W GROVE ST,MIDDLEBORO,MA,41.894223,-70.925689,synthea
ae6e71b5-cd58-3faf-b501-5269d765f487,812f8ee9-ff72-3836-8106-25b473039db9,Yolanda648,Rutherford999,F,PHYSICAL THERAPY,31 W GROVE ST,MIDDLEBORO,MA,41.894223,-70.925689,synthea
0e04fa85-a016-38ce-9f5d-b90bf28d8efa,812f8ee9-ff72-3836-8106-25b473039db9,Ezequiel972,Nolan344,M,GENERAL PRACTICE,31 W GROVE ST,MIDDLEBORO,MA,41.894223,-70.925689,synthea
b821be02-a8b9-3b2a-9af0-a7b3651d9cb0,324081f4-98c4-313a-8e97-c25d324af66e,Winnifred2,Howe413,F,NURSE PRACTITIONER,157 WASHINGTON ST,HUDSON,MA,42.389071,-71.545864,synthea
4afc1fc0-28ce-3f39-9a39-3b17fd465c8c,324081f4-98c4-313a-8e97-c25d324af66e,Torrie697,DuBuque211,F,NURSE PRACTITIONER,157 WASHINGTON ST,HUDSON,MA,42.389071,-71.545864,synthea
8e553693-1d0d-34e4-9d0e-6c243a0f5a18,324081f4-98c4-313a-8e97-c25d324af66e,Mercedes82,Serrano248,F,NURSE PRACTITIONER,157 WASHINGTON ST,HUDSON,MA,42.389071,-71.545864,synthea
63b7029a-b471-320f-b11e-a74afaed3ea8,324081f4-98c4-313a-8e97-c25d324af66e,Lionel365,Hartmann983,M,NURSE PRACTITIONER,157 WASHINGTON ST,HUDSON,MA,42.389071,-71.545864,synthea
632c12a8-5ade-3154-bb73-9d38ca719db7,324081f4-98c4-313a-8e97-c25d324af66e,Federico589,Delvalle807,M,GENERAL PRACTICE,157 WASHINGTON ST,HUDSON,MA,42.389071,-71.545864,synthea
4b677dab-8853-31f6-b93b-474a5988530a,324081f4-98c4-313a-8e97-c25d324af66e,Winnifred2,Howe413,F,INTERNAL MEDICINE,157 WASHINGTON ST,HUDSON,MA,42.389071,-71.545864,synthea
8ab2d7fb-1728-3e55-bdfb-10ea233097bb,324081f4-98c4-313a-8e97-c25d324af66e,Torrie697,DuBuque211,F,INTERNAL MEDICINE,157 WASHINGTON ST,HUDSON,MA,42.389071,-71.545864,synthea
4076764a-a6dc-3fc0-a8eb-0fc6b7cd4c86,c4a4c0f3-4563-3bf8-9435-af51c60fab05,Peggie783,Zboncak558,F,PHYSICAL MEDICINE AND REHABILITATION,1 S END BRIDGE CIR,AGAWAM,MA,42.064731,-72.653477,synthea
8b4cc5a7-5a7b-3989-813f-cb25252b9698,c4a4c0f3-4563-3bf8-9435-af51c60fab05,Peggie783,Zboncak558,F,GENERAL PRACTICE,1 S END BRIDGE CIR,AGAWAM,MA,42.064731,-72.653477,synthea
f310bd72-e5cd-308a-b6d6-298f416456e1,c4a4c0f3-4563-3bf8-9435-af51c60fab05,Peggie783,Zboncak558,F,INTERNAL MEDICINE,1 S END BRIDGE CIR,AGAWAM,MA,42.064731,-72.653477,synthea
4754dbd2-0035-3d36-91c4-017ce18b321f,6862c19c-eaed-3291-aacb-c15fc4e6d9b1,Tatiana738,Pfeffer420,F,CARDIOVASCULAR DISEASE (CARDIOLOGY),10 POST OFFICE SQ F,LYNNFIELD,MA,42.534146,-71.038333,synthea
48576027-ff05-3d0a-8aab-ac0fd101e69c,6862c19c-eaed-3291-aacb-c15fc4e6d9b1,Tatiana738,Pfeffer420,F,GENERAL PRACTICE,10 POST OFFICE SQ F,LYNNFIELD,MA,42.534146,-71.038333,synthea
00a2f6b4-449f-30b9-90a8-68ac1f398952,02a86598-c08d-3b20-ae2a-0af85744b62c,Isiah14,Cruickshank494,M,GENERAL PRACTICE,330 MOUNT AUBURN ST,CAMBRIDGE,MA,42.376043,-71.11868,synthea
28f1ce17-ede4-3d31-b00d-9240a2d68119,7b43f60e-70be-34ee-aabb-1005eb4661b7,Doug189,Kemmer137,M,DIAGNOSTIC RADIOLOGY,39 FAUNCE CORNER RD,NORTH DARTMOUTH,MA,41.646686,-70.999158,synthea
d9de16ad-a7b2-3e3b-b73e-0be96febd7f5,7b43f60e-70be-34ee-aabb-1005eb4661b7,Janina163,Fritsch593,F,DIAGNOSTIC RADIOLOGY,39 FAUNCE CORNER RD,NORTH DARTMOUTH,MA,41.646686,-70.999158,synthea
0fb39c97-780d-3dc8-a9fb-de8335e045fd,7b43f60e-70be-34ee-aabb-1005eb4661b7,Anya973,MacGyver246,F,DIAGNOSTIC RADIOLOGY,39 FAUNCE CORNER RD,NORTH DARTMOUTH,MA,41.646686,-70.999158,synthea
84fbcbd7-3185-3f06-a4d7-71e8cd9db22c,7b43f60e-70be-34ee-aabb-1005eb4661b7,Federico589,Miller503,M,DIAGNOSTIC RADIOLOGY,39 FAUNCE CORNER RD,NORTH DARTMOUTH,MA,41.646686,-70.999158,synthea
fc6ccc68-ca09-34fc-8d04-bc19a3a9d8c2,7b43f60e-70be-34ee-aabb-1005eb4661b7,Doug189,Kemmer137,M,PULMONARY DISEASE,39 FAUNCE CORNER RD,NORTH DARTMOUTH,MA,41.646686,-70.999158,synthea
cc56fac4-250d-3e77-9e65-f2592bd3bdee,7b43f60e-70be-34ee-aabb-1005eb4661b7,Jonathan639,Fritsch593,M,PULMONARY DISEASE,39 FAUNCE CORNER RD,NORTH DARTMOUTH,MA,41.646686,-70.999158,synthea
05781cc8-426e-32b3-8b2e-af4af963b975,7b43f60e-70be-34ee-aabb-1005eb4661b7,Doug189,Kemmer137,M,NURSE PRACTITIONER,39 FAUNCE CORNER RD,NORTH DARTMOUTH,MA,41.646686,-70.999158,synthea
26659698-626e-30e6-bc92-9d1ad11a53cb,7b43f60e-70be-34ee-aabb-1005eb4661b7,Janina163,Fritsch593,F,NURSE PRACTITIONER,39 FAUNCE CORNER RD,NORTH DARTMOUTH,MA,41.646686,-70.999158,synthea
dc896e52-bc81-3d5c-9ff6-6e6d48519e4a,7b43f60e-70be-34ee-aabb-1005eb4661b7,Juliane376,Kemmer137,F,FAMILY PRACTICE,39 FAUNCE CORNER RD,NORTH DARTMOUTH,MA,41.646686,-70.999158,synthea
89920c38-9ec0-3fb4-8ff0-7dc558cb8dcf,7b43f60e-70be-34ee-aabb-1005eb4661b7,Janina163,Fritsch593,F,FAMILY PRACTICE,39 FAUNCE CORNER RD,NORTH DARTMOUTH,MA,41.646686,-70.999158,synthea
eff0d7e1-17b4-3fcb-a2b6-066d5bb69e5d,7b43f60e-70be-34ee-aabb-1005eb4661b7,Bernie827,MacGyver246,M,FAMILY PRACTICE,39 FAUNCE CORNER RD,NORTH DARTMOUTH,MA,41.646686,-70.999158,synthea
32a5f13c-6541-35ce-be8b-e1980b427508,7b43f60e-70be-34ee-aabb-1005eb4661b7,Agustina460,Miller503,F,FAMILY PRACTICE,39 FAUNCE CORNER RD,NORTH DARTMOUTH,MA,41.646686,-70.999158,synthea
86f05273-d8b9-3393-b7d7-92725b67ebad,7b43f60e-70be-34ee-aabb-1005eb4661b7,Ellis535,Walsh511,M,FAMILY PRACTICE,39 FAUNCE CORNER RD,NORTH DARTMOUTH,MA,41.646686,-70.999158,synthea
33d7cfdf-24f5-3820-9135-323f46524d40,7b43f60e-70be-34ee-aabb-1005eb4661b7,Ronnie7,Roberts511,M,FAMILY PRACTICE,39 FAUNCE CORNER RD,NORTH DARTMOUTH,MA,41.646686,-70.999158,synthea
32233f11-5d1d-3e70-b1b0-18bbf0283d50,7b43f60e-70be-34ee-aabb-1005eb4661b7,Pearle865,Becker968,F,FAMILY PRACTICE,39 FAUNCE CORNER RD,NORTH DARTMOUTH,MA,41.646686,-70.999158,synthea
788147cf-1a3e-3dfc-b69d-bb6d4a72e2f9,7b43f60e-70be-34ee-aabb-1005eb4661b7,Nakesha793,Swaniawski813,F,FAMILY PRACTICE,39 FAUNCE CORNER RD,NORTH DARTMOUTH,MA,41.646686,-70.999158,synthea
05c0749c-057d-35a5-b125-6511626a4730,7b43f60e-70be-34ee-aabb-1005eb4661b7,Veronica155,Johnson679,F,FAMILY PRACTICE,39 FAUNCE CORNER RD,NORTH DARTMOUTH,MA,41.646686,-70.999158,synthea
4c5f7e90-8d2b-37b7-9b1f-4904692fd6b1,7b43f60e-70be-34ee-aabb-1005eb4661b7,Scotty190,Feil794,M,FAMILY PRACTICE,39 FAUNCE CORNER RD,NORTH DARTMOUTH,MA,41.646686,-70.999158,synthea
dff3d0cf-2ffd-3e3d-9853-5df9ac572a8b,7b43f60e-70be-34ee-aabb-1005eb4661b7,Lovella383,O'Conner199,F,FAMILY PRACTICE,39 FAUNCE CORNER RD,NORTH DARTMOUTH,MA,41.646686,-70.999158,synthea
6835f1c7-7dce-395d-b054-b4f4b1bb5906,7b43f60e-70be-34ee-aabb-1005eb4661b7,Juliane376,Kemmer137,F,GENERAL PRACTICE,39 FAUNCE CORNER RD,NORTH DARTMOUTH,MA,41.646686,-70.999158,synthea
c2b930f3-85e7-328f-8965-0fb998be5564,7b43f60e-70be-34ee-aabb-1005eb4661b7,Doug189,Kemmer137,M,ENDOCRINOLOGY,39 FAUNCE CORNER RD,NORTH DARTMOUTH,MA,41.646686,-70.999158,synthea
78f75b20-543e-3657-957f-4ec4908236b1,7b43f60e-70be-34ee-aabb-1005eb4661b7,Jonathan639,Fritsch593,M,ENDOCRINOLOGY,39 FAUNCE CORNER RD,NORTH DARTMOUTH,MA,41.646686,-70.999158,synthea
b3d9b98c-32ee-377f-8384-0a06018dfe74,7b43f60e-70be-34ee-aabb-1005eb4661b7,Bernie827,MacGyver246,M,ENDOCRINOLOGY,39 FAUNCE CORNER RD,NORTH DARTMOUTH,MA,41.646686,-70.999158,synthea
6d1818b0-66d6-3c02-ab36-c7f888ec9b48,7b43f60e-70be-34ee-aabb-1005eb4661b7,Juliane376,Kemmer137,F,INTERNAL MEDICINE,39 FAUNCE CORNER RD,NORTH DARTMOUTH,MA,41.646686,-70.999158,synthea
29c25db5-5930-3ed3-9bd5-407e90a4f099,7b43f60e-70be-34ee-aabb-1005eb4661b7,Janina163,Fritsch593,F,INTERNAL MEDICINE,39 FAUNCE CORNER RD,NORTH DARTMOUTH,MA,41.646686,-70.999158,synthea
85cc09f7-ad41-3864-8209-3016a4bdb7ab,7b43f60e-70be-34ee-aabb-1005eb4661b7,Anya973,MacGyver246,F,INTERNAL MEDICINE,39 FAUNCE CORNER RD,NORTH DARTMOUTH,MA,41.646686,-70.999158,synthea
955286cd-69f3-3586-a6d2-66480b2bd898,7b43f60e-70be-34ee-aabb-1005eb4661b7,Federico589,Miller503,M,INTERNAL MEDICINE,39 FAUNCE CORNER RD,NORTH DARTMOUTH,MA,41.646686,-70.999158,synthea
86b5e305-94b0-365a-a46e-f659eafdd07e,7b43f60e-70be-34ee-aabb-1005eb4661b7,Arturo47,Alba338,M,INTERNAL MEDICINE,39 FAUNCE CORNER RD,NORTH DARTMOUTH,MA,41.646686,-70.999158,synthea
be84f420-f1f7-3d27-8c4e-b4925f08f987,7b43f60e-70be-34ee-aabb-1005eb4661b7,Ronnie7,Roberts511,M,INTERNAL MEDICINE,39 FAUNCE CORNER RD,NORTH DARTMOUTH,MA,41.646686,-70.999158,synthea
204b7f8e-806b-3d3b-b358-8994bb182356,7b43f60e-70be-34ee-aabb-1005eb4661b7,Pearle865,Becker968,F,INTERNAL MEDICINE,39 FAUNCE CORNER RD,NORTH DARTMOUTH,MA,41.646686,-70.999158,synthea
26f038bf-e920-3324-bf29-076c4d171148,7b43f60e-70be-34ee-aabb-1005eb4661b7,Marc757,Swaniawski813,M,INTERNAL MEDICINE,39 FAUNCE CORNER RD,NORTH DARTMOUTH,MA,41.646686,-70.999158,synthea
abad20b4-00dc-3a8f-9c8d-e405a71554b5,7b43f60e-70be-34ee-aabb-1005eb4661b7,Lesley194,Johnson679,M,INTERNAL MEDICINE,39 FAUNCE CORNER RD,NORTH DARTMOUTH,MA,41.646686,-70.999158,synthea
0b4a0b0d-09f2-3cb9-b282-2370f4ea9c9f,7b43f60e-70be-34ee-aabb-1005eb4661b7,Tess185,Feil794,F,INTERNAL MEDICINE,39 FAUNCE CORNER RD,NORTH DARTMOUTH,MA,41.646686,-70.999158,synthea
fcd8c659-5efa-3872-a3c1-14e188fc4a1a,7b43f60e-70be-34ee-aabb-1005eb4661b7,Dillon740,O'Conner199,M,INTERNAL MEDICINE,39 FAUNCE CORNER RD,NORTH DARTMOUTH,MA,41.646686,-70.999158,synthea
1b9b3c4f-1ffe-3c25-bc7f-be8e68b5106e,7b43f60e-70be-34ee-aabb-1005eb4661b7,Randell912,Koss676,M,INTERNAL MEDICINE,39 FAUNCE CORNER RD,NORTH DARTMOUTH,MA,41.646686,-70.999158,synthea
7a1a045b-3aca-3b4f-b69e-8022223b9035,7b43f60e-70be-34ee-aabb-1005eb4661b7,Zaida719,Gorczany269,F,INTERNAL MEDICINE,39 FAUNCE CORNER RD,NORTH DARTMOUTH,MA,41.646686,-70.999158,synthea
7214b12f-965c-319e-82fc-d3eae1d9e191,7b43f60e-70be-34ee-aabb-1005eb4661b7,Juliane376,Kemmer137,F,GASTROENTEROLOGY,39 FAUNCE CORNER RD,NORTH DARTMOUTH,MA,41.646686,-70.999158,synthea
10b8a50a-b3a6-3a80-bab9-ed892b42ac56,7b43f60e-70be-34ee-aabb-1005eb4661b7,Jonathan639,Fritsch593,M,GASTROENTEROLOGY,39 FAUNCE CORNER RD,NORTH DARTMOUTH,MA,41.646686,-70.999158,synthea
34f7d91b-0ac3-37b2-a683-2630aa3e0ae5,7b43f60e-70be-34ee-aabb-1005eb4661b7,Anya973,MacGyver246,F,GASTROENTEROLOGY,39 FAUNCE CORNER RD,NORTH DARTMOUTH,MA,41.646686,-70.999158,synthea
e3a5175b-5152-3a1a-b725-40e7aec4a731,7b43f60e-70be-34ee-aabb-1005eb4661b7,Agustina460,Miller503,F,GASTROENTEROLOGY,39 FAUNCE CORNER RD,NORTH DARTMOUTH,MA,41.646686,-70.999158,synthea
1b1e1264-37bf-3d7c-883a-c8fad08ea22e,7b43f60e-70be-34ee-aabb-1005eb4661b7,Juliane376,Kemmer137,F,INFECTIOUS DISEASE,39 FAUNCE CORNER RD,NORTH DARTMOUTH,MA,41.646686,-70.999158,synthea
c7c80ff1-510e-33f7-961d-b48ddd8a7cc6,7b43f60e-70be-34ee-aabb-1005eb4661b7,Doug189,Kemmer137,M,VASCULAR SURGERY,39 FAUNCE CORNER RD,NORTH DARTMOUTH,MA,41.646686,-70.999158,synthea
a8089669-1df0-3af0-9114-0bbc2e4fcfce,e204d54b-9e41-3aec-a681-8a0929a652d5,Eugene421,Goodwin327,M,GENERAL PRACTICE,990 PARADISE RD,SWAMPSCOTT,MA,42.468059,-70.89126,synthea
8e19f520-7979-3f7d-99ee-1c331aed3760,421baed1-a336-33c6-bc62-b647598be473,Lazaro919,Veum823,M,GENERAL PRACTICE,521 MT AUBURN ST,WATERTOWN,MA,42.369451,-71.177925,synthea
1c21f630-0b2d-31d2-87d8-54ab8fa9dff3,2d8989f4-642f-31b3-84b0-56643ae70b2d,Marget728,Langworth352,F,GENERAL PRACTICE,281 E HARTFORD AVE,UXBRIDGE,MA,42.061166,-71.643628,synthea
6624d208-031d-31c0-89ba-b942ca431dcd,9b618ea6-37ee-32cd-9e63-26be08566911,Suzan149,Wehner319,F,GENERAL PRACTICE,300 MT AUBURN ST,CAMBRIDGE,MA,42.376043,-71.11868,synthea
4c2bd6ed-fa62-3f00-bdd5-64736f4d62ae,16e96dae-1464-38fe-b9e6-e5e0d95e698d,Louella862,Torp761,F,GENERAL PRACTICE,358 HARVARD ST,BROOKLINE,MA,42.323853,-71.142003,synthea
33472b03-15dd-3f05-95be-49ee4c2883b4,16e96dae-1464-38fe-b9e6-e5e0d95e698d,Vito638,Torp761,M,INTERNAL MEDICINE,358 HARVARD ST,BROOKLINE,MA,42.323853,-71.142003,synthea
5cab12b0-79f0-3279-abf5-6ed554cb6afd,1248b93c-56ef-3c3a-adab-56eb2c991c4d,Brian582,Rowe323,M,GENERAL PRACTICE,1234 BROADWAY,SOMERVILLE,MA,42.390445,-71.101033,synthea
8f7b327f-59f6-3576-a7cb-809d3053b9d9,6d72d80a-a24d-3f4c-b9a3-e38a00047e23,Reena181,Gaylord332,F,GENERAL PRACTICE,236 HIGHLAND AVE,SOMERVILLE,MA,42.390445,-71.101033,synthea
c2bc720c-4232-366c-82f4-aeaa914a25a7,aae540b1-016c-3d53-83c1-c66be3aa906a,Bryon392,Kilback373,M,PULMONARY DISEASE,1003 S MAIN ST,BELLINGHAM,MA,42.076682,-71.47449,synthea
9e251a63-7b17-3f3f-b024-5bb141b1db3d,aae540b1-016c-3d53-83c1-c66be3aa906a,Loma263,Gislason620,F,PULMONARY DISEASE,1003 S MAIN ST,BELLINGHAM,MA,42.076682,-71.47449,synthea
1461c272-8e4f-33ad-8158-38b3c632766e,aae540b1-016c-3d53-83c1-c66be3aa906a,Delores12,Marvin195,F,PULMONARY DISEASE,1003 S MAIN ST,BELLINGHAM,MA,42.076682,-71.47449,synthea
5e601a85-b838-3733-b75f-e61f091bbe12,aae540b1-016c-3d53-83c1-c66be3aa906a,Bryon392,Kilback373,M,NURSE PRACTITIONER,1003 S MAIN ST,BELLINGHAM,MA,42.076682,-71.47449,synthea
b3164013-a0ab-33af-a052-da8307cb3388,aae540b1-016c-3d53-83c1-c66be3aa906a,Gary33,Gislason620,M,NURSE PRACTITIONER,1003 S MAIN ST,BELLINGHAM,MA,42.076682,-71.47449,synthea
390337c8-1abe-323d-bd91-e6a4da38d2dc,aae540b1-016c-3d53-83c1-c66be3aa906a,Delores12,Marvin195,F,NURSE PRACTITIONER,1003 S MAIN ST,BELLINGHAM,MA,42.076682,-71.47449,synthea
1663cd57-b503-33ef-ba2a-30172b993132,aae540b1-016c-3d53-83c1-c66be3aa906a,Arianne988,Monahan736,F,NURSE PRACTITIONER,1003 S MAIN ST,BELLINGHAM,MA,42.076682,-71.47449,synthea
69eef0d1-71bc-3992-aabc-d21cadac781c,aae540b1-016c-3d53-83c1-c66be3aa906a,Marcia467,Kilback373,F,ALLERGY/IMMUNOLOGY,1003 S MAIN ST,BELLINGHAM,MA,42.076682,-71.47449,synthea
c800a64a-df02-3ac0-b62a-59224165830b,aae540b1-016c-3d53-83c1-c66be3aa906a,Marcia467,Kilback373,F,OBSTETRICS/GYNECOLOGY,1003 S MAIN ST,BELLINGHAM,MA,42.076682,-71.47449,synthea
a501207c-b1a0-3d13-a5b3-259859ca0593,aae540b1-016c-3d53-83c1-c66be3aa906a,Bryon392,Kilback373,M,PHYSICIAN ASSISTANT,1003 S MAIN ST,BELLINGHAM,MA,42.076682,-71.47449,synthea
4e9fbbf7-b0bd-3284-a75e-d76483b62551,aae540b1-016c-3d53-83c1-c66be3aa906a,Gary33,Gislason620,M,PHYSICIAN ASSISTANT,1003 S MAIN ST,BELLINGHAM,MA,42.076682,-71.47449,synthea
350d7062-ef4f-3911-9293-a2b995af24e0,aae540b1-016c-3d53-83c1-c66be3aa906a,Tyler508,Marvin195,M,PHYSICIAN ASSISTANT,1003 S MAIN ST,BELLINGHAM,MA,42.076682,-71.47449,synthea
025c2211-cfde-3673-8f3a-4f370845d5ef,aae540b1-016c-3d53-83c1-c66be3aa906a,Arianne988,Monahan736,F,PHYSICIAN ASSISTANT,1003 S MAIN ST,BELLINGHAM,MA,42.076682,-71.47449,synthea
d79862d5-db3b-37c6-b100-f4d77880b72c,aae540b1-016c-3d53-83c1-c66be3aa906a,Francesca650,Wehner319,F,PHYSICIAN ASSISTANT,1003 S MAIN ST,BELLINGHAM,MA,42.076682,-71.47449,synthea
5ee18438-382d-3c2b-82d2-56e54c3e7f6e,aae540b1-016c-3d53-83c1-c66be3aa906a,Eliz744,Roob72,F,PHYSICIAN ASSISTANT,1003 S MAIN ST,BELLINGHAM,MA,42.076682,-71.47449,synthea
4d0dba57-aa25-3dcf-8af6-89380d6697ff,aae540b1-016c-3d53-83c1-c66be3aa906a,Man114,Mante251,M,PHYSICIAN ASSISTANT,1003 S MAIN ST,BELLINGHAM,MA,42.076682,-71.47449,synthea
e74b8d47-a4a7-3087-ab0b-cef5cfa6b64a,aae540b1-016c-3d53-83c1-c66be3aa906a,Vanita165,Howe413,F,PHYSICIAN ASSISTANT,1003 S MAIN ST,BELLINGHAM,MA,42.076682,-71.47449,synthea
1dd1f6b4-92a2-3e44-87bc-524d1572609a,aae540b1-016c-3d53-83c1-c66be3aa906a,Scot349,Waters156,M,PHYSICIAN ASSISTANT,1003 S MAIN ST,BELLINGHAM,MA,42.076682,-71.47449,synthea
a241b573-a576-3ab4-9d1e-e88b07ed6aa7,aae540b1-016c-3d53-83c1-c66be3aa906a,Bruce167,Rohan584,M,PHYSICIAN ASSISTANT,1003 S MAIN ST,BELLINGHAM,MA,42.076682,-71.47449,synthea
56cbd1f4-829f-3b6a-b560-46b0a1f7213b,aae540b1-016c-3d53-83c1-c66be3aa906a,Cristian531,Altamirano540,M,PHYSICIAN ASSISTANT,1003 S MAIN ST,BELLINGHAM,MA,42.076682,-71.47449,synthea
fbb0d7ce-e80a-3c7f-885a-13de81444b37,aae540b1-016c-3d53-83c1-c66be3aa906a,Eduardo902,Zúñiga630,M,PHYSICIAN ASSISTANT,1003 S MAIN ST,BELLINGHAM,MA,42.076682,-71.47449,synthea
5b8f2cda-c648-3114-921c-ffe09c613d9f,aae540b1-016c-3d53-83c1-c66be3aa906a,Hollis7,McCullough561,M,PHYSICIAN ASSISTANT,1003 S MAIN ST,BELLINGHAM,MA,42.076682,-71.47449,synthea
48fba7ce-cfa9-3bdd-bc53-21f5145a319b,aae540b1-016c-3d53-83c1-c66be3aa906a,Cecil300,Jacobs452,F,PHYSICIAN ASSISTANT,1003 S MAIN ST,BELLINGHAM,MA,42.076682,-71.47449,synthea
443773c6-6a05-3e35-a528-49d43941f020,aae540b1-016c-3d53-83c1-c66be3aa906a,Elwanda490,Reinger292,F,PHYSICIAN ASSISTANT,1003 S MAIN ST,BELLINGHAM,MA,42.076682,-71.47449,synthea
8b1eb1fe-0adf-37ee-9cfd-8306e2f84a06,aae540b1-016c-3d53-83c1-c66be3aa906a,Marcia467,Kilback373,F,RHEUMATOLOGY,1003 S MAIN ST,BELLINGHAM,MA,42.076682,-71.47449,synthea
e743d480-a053-3265-8f09-8431752ba4d2,aae540b1-016c-3d53-83c1-c66be3aa906a,Marcia467,Kilback373,F,UROLOGY,1003 S MAIN ST,BELLINGHAM,MA,42.076682,-71.47449,synthea
ee8c035e-db64-3f08-be17-5c0bece88750,aae540b1-016c-3d53-83c1-c66be3aa906a,Gary33,Gislason620,M,UROLOGY,1003 S MAIN ST,BELLINGHAM,MA,42.076682,-71.47449,synthea
6f1fa552-7c6a-3491-8bce-5b92ed4e1232,aae540b1-016c-3d53-83c1-c66be3aa906a,Bryon392,Kilback373,M,FAMILY PRACTICE,1003 S MAIN ST,BELLINGHAM,MA,42.076682,-71.47449,synthea
0ea9c778-baa9-3c85-b1ee-077ee345a68a,aae540b1-016c-3d53-83c1-c66be3aa906a,Gary33,Gislason620,M,FAMILY PRACTICE,1003 S MAIN ST,BELLINGHAM,MA,42.076682,-71.47449,synthea
09cd3d3f-b514-36d4-a458-35cb233ee1de,aae540b1-016c-3d53-83c1-c66be3aa906a,Delores12,Marvin195,F,FAMILY PRACTICE,1003 S MAIN ST,BELLINGHAM,MA,42.076682,-71.47449,synthea
7a789408-9c95-3868-b343-9c717752456e,aae540b1-016c-3d53-83c1-c66be3aa906a,Isiah14,Monahan736,M,FAMILY PRACTICE,1003 S MAIN ST,BELLINGHAM,MA,42.076682,-71.47449,synthea
a377fb88-6791-361a-b8c0-509fc04734e0,aae540b1-016c-3d53-83c1-c66be3aa906a,Francesca650,Wehner319,F,FAMILY PRACTICE,1003 S MAIN ST,BELLINGHAM,MA,42.076682,-71.47449,synthea
38dd976d-d24d-3520-866e-326484e95800,aae540b1-016c-3d53-83c1-c66be3aa906a,Eliz744,Roob72,F,FAMILY PRACTICE,1003 S MAIN ST,BELLINGHAM,MA,42.076682,-71.47449,synthea
8427f006-5c83-3ba7-9f24-85ed4be995e8,aae540b1-016c-3d53-83c1-c66be3aa906a,Bryon392,Kilback373,M,GENERAL PRACTICE,1003 S MAIN ST,BELLINGHAM,MA,42.076682,-71.47449,synthea
6b755300-db42-34b2-8c4a-30cddd6c5836,aae540b1-016c-3d53-83c1-c66be3aa906a,Marcia467,Kilback373,F,ENDOCRINOLOGY,1003 S MAIN ST,BELLINGHAM,MA,42.076682,-71.47449,synthea
5dc626e2-1415-3139-8535-662bbf990083,aae540b1-016c-3d53-83c1-c66be3aa906a,Bryon392,Kilback373,M,INTERNAL MEDICINE,1003 S MAIN ST,BELLINGHAM,MA,42.076682,-71.47449,synthea
b291e802-baf7-3e69-974e-ef184bb6f6cf,aae540b1-016c-3d53-83c1-c66be3aa906a,Gary33,Gislason620,M,INTERNAL MEDICINE,1003 S MAIN ST,BELLINGHAM,MA,42.076682,-71.47449,synthea
943bd5a3-a5bf-3cf6-8ab6-8c9d79a4944a,aae540b1-016c-3d53-83c1-c66be3aa906a,Delores12,Marvin195,F,INTERNAL MEDICINE,1003 S MAIN ST,BELLINGHAM,MA,42.076682,-71.47449,synthea
f8d390a2-4ad1-3d84-9748-53499666de0c,aae540b1-016c-3d53-83c1-c66be3aa906a,Arianne988,Monahan736,F,INTERNAL MEDICINE,1003 S MAIN ST,BELLINGHAM,MA,42.076682,-71.47449,synthea
46e3b032-f4bc-3f22-8752-6bb17be4f103,aae540b1-016c-3d53-83c1-c66be3aa906a,Harris789,Wehner319,M,INTERNAL MEDICINE,1003 S MAIN ST,BELLINGHAM,MA,42.076682,-71.47449,synthea
4fd3e739-754c-37d5-aefe-aaffd681d6e0,aae540b1-016c-3d53-83c1-c66be3aa906a,Eliz744,Roob72,F,INTERNAL MEDICINE,1003 S MAIN ST,BELLINGHAM,MA,42.076682,-71.47449,synthea
75d53fce-ceb1-3f22-9097-d6958c289827,aae540b1-016c-3d53-83c1-c66be3aa906a,Zonia753,Mante251,F,INTERNAL MEDICINE,1003 S MAIN ST,BELLINGHAM,MA,42.076682,-71.47449,synthea
651114bb-f459-3fde-91ca-869c86faf6cb,aae540b1-016c-3d53-83c1-c66be3aa906a,Tanner110,Howe413,M,INTERNAL MEDICINE,1003 S MAIN ST,BELLINGHAM,MA,42.076682,-71.47449,synthea
0582d615-2c11-3f59-9928-ef5200afb7da,aae540b1-016c-3d53-83c1-c66be3aa906a,Scot349,Waters156,M,INTERNAL MEDICINE,1003 S MAIN ST,BELLINGHAM,MA,42.076682,-71.47449,synthea
51ce34d5-3725-3d02-a629-91f06b523a0d,aae540b1-016c-3d53-83c1-c66be3aa906a,Bruce167,Rohan584,M,INTERNAL MEDICINE,1003 S MAIN ST,BELLINGHAM,MA,42.076682,-71.47449,synthea
e71dfbbd-2e15-33b8-b112-d972f3b5c465,aae540b1-016c-3d53-83c1-c66be3aa906a,Jamison785,Wilderman619,M,INTERNAL MEDICINE,1003 S MAIN ST,BELLINGHAM,MA,42.076682,-71.47449,synthea
25746ead-b4ba-321f-9240-d20b2d51d1e9,aae540b1-016c-3d53-83c1-c66be3aa906a,Oren284,Russel238,M,INTERNAL MEDICINE,1003 S MAIN ST,BELLINGHAM,MA,42.076682,-71.47449,synthea
7c699362-7286-33d1-9521-b0ed7b06ce0f,aae540b1-016c-3d53-83c1-c66be3aa906a,José,María211,Ruiz676,HOSPITALIST,1003 S MAIN ST,BELLINGHAM,MA,42.076682,-71.47449,synthea
00b78afa-b978-34cb-b2e0-9f5536a9a3e0,1c6a1789-df11-3932-8951-4ffcb869fe51,Fredrick998,Blanda868,M,NURSE PRACTITIONER,14 TAUNTON AVE,NORTON,MA,41.965341,-71.18178,synthea
0bc65c3a-4492-39e4-8fcf-274e819fd234,1c6a1789-df11-3932-8951-4ffcb869fe51,Luke971,Trantow673,M,NURSE PRACTITIONER,14 TAUNTON AVE,NORTON,MA,41.965341,-71.18178,synthea
b64534a6-0fa4-39e1-bc25-acd60a885f16,1c6a1789-df11-3932-8951-4ffcb869fe51,Lanelle105,Kessler503,F,NURSE PRACTITIONER,14 TAUNTON AVE,NORTON,MA,41.965341,-71.18178,synthea
aaeb9420-654a-3cf2-bc0d-08d21af392cc,1c6a1789-df11-3932-8951-4ffcb869fe51,Ester635,Carrillo204,F,NURSE PRACTITIONER,14 TAUNTON AVE,NORTON,MA,41.965341,-71.18178,synthea
77733542-f332-321f-b852-32cb755eced4,1c6a1789-df11-3932-8951-4ffcb869fe51,Sonia106,Brito172,F,FAMILY PRACTICE,14 TAUNTON AVE,NORTON,MA,41.965341,-71.18178,synthea
aca93b8b-d97c-3fc4-98a4-010f432a7cb0,1c6a1789-df11-3932-8951-4ffcb869fe51,Luke971,Trantow673,M,FAMILY PRACTICE,14 TAUNTON AVE,NORTON,MA,41.965341,-71.18178,synthea
4ad7a7f1-993a-390f-8f65-261167a2f705,1c6a1789-df11-3932-8951-4ffcb869fe51,Leandro563,Kessler503,M,FAMILY PRACTICE,14 TAUNTON AVE,NORTON,MA,41.965341,-71.18178,synthea
216a317e-f438-3f5f-8146-639297efbcfb,1c6a1789-df11-3932-8951-4ffcb869fe51,Salvador46,Gaylord332,M,FAMILY PRACTICE,14 TAUNTON AVE,NORTON,MA,41.965341,-71.18178,synthea
2e5c854c-758f-36cd-b3fc-23b510c75364,1c6a1789-df11-3932-8951-4ffcb869fe51,Fay398,Blanda868,F,GENERAL PRACTICE,14 TAUNTON AVE,NORTON,MA,41.965341,-71.18178,synthea
de182c46-b66d-31f6-be94-dc3863948ab5,edf05fc0-5b46-37cd-a33f-795fe5fafdc9,Reginald96,Waters156,M,GENERAL PRACTICE,280 WASHINGTON ST,BRIGHTON,MA,42.33196,-71.020173,synthea
3ec51bf0-104e-320b-a72d-1a2e8a71df4e,64a00792-3039-3d72-a727-e6e23c273985,George991,Pfeffer420,M,GENERAL PRACTICE,1180 BEACON ST,BROOKLINE,MA,42.323853,-71.142003,synthea
3d790826-b969-380c-9af0-45f6c389f34f,eaecc8bf-2af6-3093-9082-26745a248f0e,Ty725,Sporer811,M,NURSE PRACTITIONER,2345 MAIN ST,TEWKSBURY,MA,42.612088,-71.227845,synthea
e13746d9-01dc-3d08-a785-ccaab9459be7,eaecc8bf-2af6-3093-9082-26745a248f0e,Caron739,Sporer811,F,FAMILY PRACTICE,2345 MAIN ST,TEWKSBURY,MA,42.612088,-71.227845,synthea
d8d884e0-4446-38c8-9cb1-80e95d4b0f64,eaecc8bf-2af6-3093-9082-26745a248f0e,Bennie663,Ondricka197,F,FAMILY PRACTICE,2345 MAIN ST,TEWKSBURY,MA,42.612088,-71.227845,synthea
9838b4fd-1c2a-3112-90c4-9c9c9cb5122b,eaecc8bf-2af6-3093-9082-26745a248f0e,Pasquale620,Wiza601,M,FAMILY PRACTICE,2345 MAIN ST,TEWKSBURY,MA,42.612088,-71.227845,synthea
a3324e32-3d90-3d23-bb52-ad710f4f09a0,eaecc8bf-2af6-3093-9082-26745a248f0e,Agustin437,Schiller186,M,FAMILY PRACTICE,2345 MAIN ST,TEWKSBURY,MA,42.612088,-71.227845,synthea
30d542c2-d363-383d-9c46-1c2957f86415,eaecc8bf-2af6-3093-9082-26745a248f0e,Sha84,Hauck852,F,FAMILY PRACTICE,2345 MAIN ST,TEWKSBURY,MA,42.612088,-71.227845,synthea
2faa3825-23f5-3295-ae33-b65863d99311,eaecc8bf-2af6-3093-9082-26745a248f0e,Ty725,Sporer811,M,GENERAL PRACTICE,2345 MAIN ST,TEWKSBURY,MA,42.612088,-71.227845,synthea
1c4ebca1-0002-3bec-bc99-911168486945,0b9f3f7c-8ab6-30a5-b3ae-4dc0e0c00cb3,Theo630,Ortiz186,M,PSYCHIATRY,1109 GRANBY RD,CHICOPEE,MA,42.175668,-72.572257,synthea
5f837b1e-30a1-3257-aa8a-8d785457585c,0b9f3f7c-8ab6-30a5-b3ae-4dc0e0c00cb3,Claudio955,Kuhlman484,M,PSYCHIATRY,1109 GRANBY RD,CHICOPEE,MA,42.175668,-72.572257,synthea
fca3b3b7-644d-3995-bca0-d4d04dd83ace,0b9f3f7c-8ab6-30a5-b3ae-4dc0e0c00cb3,Nolan344,Schmeler639,M,PSYCHIATRY,1109 GRANBY RD,CHICOPEE,MA,42.175668,-72.572257,synthea
028ee9a3-d3ff-328e-b295-094fa7378d62,0b9f3f7c-8ab6-30a5-b3ae-4dc0e0c00cb3,Kerstin790,Morissette863,F,PSYCHIATRY,1109 GRANBY RD,CHICOPEE,MA,42.175668,-72.572257,synthea
41b9b5e0-7240-326d-97c6-a353258baf84,0b9f3f7c-8ab6-30a5-b3ae-4dc0e0c00cb3,Theo630,Ortiz186,M,CLINICAL PSYCHOLOGIST,1109 GRANBY RD,CHICOPEE,MA,42.175668,-72.572257,synthea
a828301a-2483-3f01-92f5-d70b82c288a1,0b9f3f7c-8ab6-30a5-b3ae-4dc0e0c00cb3,Claudio955,Kuhlman484,M,CLINICAL PSYCHOLOGIST,1109 GRANBY RD,CHICOPEE,MA,42.175668,-72.572257,synthea
d8e7cda9-028e-3510-8f7b-28879820a101,0b9f3f7c-8ab6-30a5-b3ae-4dc0e0c00cb3,Nolan344,Schmeler639,M,CLINICAL PSYCHOLOGIST,1109 GRANBY RD,CHICOPEE,MA,42.175668,-72.572257,synthea
e5ef14bb-7cb9-3fcb-a8b3-9e3311adaedd,0b9f3f7c-8ab6-30a5-b3ae-4dc0e0c00cb3,Tracie996,Ortiz186,F,CLINICAL SOCIAL WORKER,1109 GRANBY RD,CHICOPEE,MA,42.175668,-72.572257,synthea
08cb7470-6c9d-3ae2-9125-64e4c3b42972,0b9f3f7c-8ab6-30a5-b3ae-4dc0e0c00cb3,Claudio955,Kuhlman484,M,CLINICAL SOCIAL WORKER,1109 GRANBY RD,CHICOPEE,MA,42.175668,-72.572257,synthea
6caa4673-ae02-350f-a37a-421d98ed916f,0b9f3f7c-8ab6-30a5-b3ae-4dc0e0c00cb3,Nolan344,Schmeler639,M,CLINICAL SOCIAL WORKER,1109 GRANBY RD,CHICOPEE,MA,42.175668,-72.572257,synthea
6b9eedb8-0190-3df8-a758-c71e522d427f,0b9f3f7c-8ab6-30a5-b3ae-4dc0e0c00cb3,Tracie996,Ortiz186,F,GENERAL PRACTICE,1109 GRANBY RD,CHICOPEE,MA,42.175668,-72.572257,synthea
f91878a8-d4d8-346f-9ba6-93bfa68caaaf,27836bf9-d4b9-3f29-8ac1-fda68caf7f88,Doretha289,Bashirian201,F,GENERAL PRACTICE,83 ROUTE 130,FORESTDALE,MA,41.683488,-70.510786,synthea
1d727d26-d85e-3973-b608-fcbda882b5f2,23efc2cd-79d6-327e-8935-1b8be6b2b15d,Rolland302,Morissette863,M,NURSE PRACTITIONER,113 WASHINGTON ST,FOXBORO,MA,42.064024,-71.248401,synthea
c5007774-cfc9-3e44-aac1-d5568584bc5e,23efc2cd-79d6-327e-8935-1b8be6b2b15d,Bennie663,Kemmer137,M,NURSE PRACTITIONER,113 WASHINGTON ST,FOXBORO,MA,42.064024,-71.248401,synthea
df284fa1-f6f8-31cf-a9e7-60193193f6f9,23efc2cd-79d6-327e-8935-1b8be6b2b15d,Malcom15,Rodriguez71,M,NURSE PRACTITIONER,113 WASHINGTON ST,FOXBORO,MA,42.064024,-71.248401,synthea
cfee9ed7-62bd-32c1-a993-62ba3f381371,23efc2cd-79d6-327e-8935-1b8be6b2b15d,Cecily421,MacGyver246,F,NURSE PRACTITIONER,113 WASHINGTON ST,FOXBORO,MA,42.064024,-71.248401,synthea
88bfa826-7b02-3394-99ad-a37ae80cf71e,23efc2cd-79d6-327e-8935-1b8be6b2b15d,Emelia239,Brekke496,F,NURSE PRACTITIONER,113 WASHINGTON ST,FOXBORO,MA,42.064024,-71.248401,synthea
2bd408eb-b669-348d-bb29-bf4355670f7a,23efc2cd-79d6-327e-8935-1b8be6b2b15d,Diana207,Walter473,F,NURSE PRACTITIONER,113 WASHINGTON ST,FOXBORO,MA,42.064024,-71.248401,synthea
b84ace36-aa8f-3f37-bc0c-6ced10163641,23efc2cd-79d6-327e-8935-1b8be6b2b15d,Tyler508,Feil794,M,NURSE PRACTITIONER,113 WASHINGTON ST,FOXBORO,MA,42.064024,-71.248401,synthea
3ae0dc93-976b-3abc-a104-44881ff0f74e,23efc2cd-79d6-327e-8935-1b8be6b2b15d,Louella862,Morissette863,F,PHYSICIAN ASSISTANT,113 WASHINGTON ST,FOXBORO,MA,42.064024,-71.248401,synthea
f6b8cff2-e455-3971-a823-3de619e4ac6c,23efc2cd-79d6-327e-8935-1b8be6b2b15d,Bennie663,Kemmer137,M,PHYSICIAN ASSISTANT,113 WASHINGTON ST,FOXBORO,MA,42.064024,-71.248401,synthea
4d82783a-8e9f-3e0b-950b-b1a70730ddc9,23efc2cd-79d6-327e-8935-1b8be6b2b15d,Louella862,Morissette863,F,GENERAL PRACTICE,113 WASHINGTON ST,FOXBORO,MA,42.064024,-71.248401,synthea
41b24386-1a91-32a5-a246-972b8d1c0025,23efc2cd-79d6-327e-8935-1b8be6b2b15d,Louella862,Morissette863,F,INTERNAL MEDICINE,113 WASHINGTON ST,FOXBORO,MA,42.064024,-71.248401,synthea
efc6a57b-57e0-3364-83fb-bfec6ee9ec8d,56ec547f-c711-311d-b5ec-6dcc9ac0a00a,Jamar151,Olson653,M,GENERAL PRACTICE,15 W ST,EAST DOUGLAS,MA,42.080784,-71.715992,synthea
6f4725fe-5172-384c-a725-72e4d9bcefc7,03e15956-b928-3d99-9f32-c01ac75add04,Clarence5,Thompson596,F,NURSE PRACTITIONER,23 VILLAGE SQ,CHELMSFORD,MA,42.597055,-71.3697,synthea
36549cb5-2144-38e8-8eac-94da3f7796fb,03e15956-b928-3d99-9f32-c01ac75add04,Lenard338,Thompson596,M,FAMILY PRACTICE,23 VILLAGE SQ,CHELMSFORD,MA,42.597055,-71.3697,synthea
bfbe00ba-1fc3-3c6a-8c57-1f44581c68c4,03e15956-b928-3d99-9f32-c01ac75add04,Sandy901,Price929,M,FAMILY PRACTICE,23 VILLAGE SQ,CHELMSFORD,MA,42.597055,-71.3697,synthea
bb18bd20-8da3-3dfa-b428-b8ef8010f6cc,03e15956-b928-3d99-9f32-c01ac75add04,Clarence5,Thompson596,F,GENERAL PRACTICE,23 VILLAGE SQ,CHELMSFORD,MA,42.597055,-71.3697,synthea
d18fa9fa-9ed1-3e65-8ed9-b915d0c25d4b,67bc4c2c-8863-3521-bbeb-41627b604131,Clyde817,Harber290,M,NURSE PRACTITIONER,599 STATE RD,WESTPORT,MA,41.579794,-71.081822,synthea
d5628f88-294c-3008-8c90-06186b0fd30f,67bc4c2c-8863-3521-bbeb-41627b604131,Maybell872,Cormier289,F,NURSE PRACTITIONER,599 STATE RD,WESTPORT,MA,41.579794,-71.081822,synthea
8e8dea1a-1423-3cae-9d87-72f326e3a0fc,67bc4c2c-8863-3521-bbeb-41627b604131,Nannette779,Harber290,F,GENERAL PRACTICE,599 STATE RD,WESTPORT,MA,41.579794,-71.081822,synthea
26b96c43-ad6b-3ad9-bbc5-d7532d83704e,92819cdc-db9e-387e-8c4f-4b2b4e8b2e4f,Rod343,Ritchie586,M,GENERAL PRACTICE,1230 BRIDGE STREET,LOWELL,MA,42.6653405,-71.3038939,synthea
02059bdc-d179-3878-a919-cf4ff9ff2e14,0d1563c1-d56c-362e-9e3d-d74463ebbe0f,Frederic454,Hermann103,M,GENERAL PRACTICE,629 PLEASANT STREET,BROCKTON,MA,42.0892313,-71.04551,synthea
5a0e0386-e6f1-3b66-80de-a92b402d0678,a76bda1d-f42d-3046-b8c6-021f3db0a086,Ilona639,Hartmann983,F,GENERAL PRACTICE,808 MAIN STREET,WALTHAM,MA,42.3760766,-71.242893,synthea
ab8c4aae-b7b2-3adc-bf16-c8011adf5da1,7116c200-6663-3503-8314-1ee16845e5d3,Windy313,Koepp521,F,GENERAL PRACTICE,85 PARKHURST ROAD,CHELMSFORD,MA,42.6257767,-71.3593401,synthea
32cbd436-0b5f-3a98-8dec-da94a812a5ea,c63d0602-724d-3d74-958a-a31b1364eaef,Evan94,Durgan499,M,GENERAL PRACTICE,111 GROSSMAN DRIVE,BRAINTREE,MA,42.21004,-70.999539,synthea
b36ee214-74f7-35ec-a60b-8523c8fe49d5,ff9474cb-cf9c-350a-a22b-b949ee9793cf,Parker433,Schneider199,M,GENERAL PRACTICE,1515 ALLEN STREET,SPRINGFIELD,MA,42.0951927,-72.5094159,synthea
252b40fb-d1d6-3015-a0a8-6b8e86f33fd0,cbbee84d-7644-3b24-9f41-e3747f5050df,Taylor21,VonRueden376,M,GENERAL PRACTICE,26 QUEEN STREET,WORCESTER,MA,42.2590345,-71.8139319,synthea
3d4e0da4-a606-3464-84c9-67bb98bf4026,f1313c7d-3148-335b-adc3-337f15567b82,Kristopher775,Little434,M,GENERAL PRACTICE,500 SALEM STREET,WILMINGTON,MA,42.5805281,-71.1438654,synthea
3829b1c7-763f-3831-a543-705f57752aca,df5a38ee-e493-3572-8f92-bb695aef9891,Burt293,Cronin387,M,GENERAL PRACTICE,489 BEARSES WAY,HYANNIS,MA,41.6624796,-70.3008223,synthea
65a9ca98-4675-3076-9838-cefb859251ba,b81688f5-bd0e-3c99-963f-860d3e90ab5d,Jerrie417,Balistreri607,F,GENERAL PRACTICE,581 BOYLSTON STREET,BOSTON,MA,42.3505548,-71.0766054,synthea
e48eed8e-e0e5-37b5-a5d1-b4b7af3559e5,eeca3319-9cbf-382e-a7ee-43986c981135,Malisa137,Nitzsche158,F,GENERAL PRACTICE,58 TREMONT STREET,TAUNTON,MA,41.9048719,-71.106073,synthea
199bccae-6d33-36d1-9b7d-8e351ba87328,62fa9127-485f-3032-87cc-6576d91fec94,Carylon722,Hoeger474,F,GENERAL PRACTICE,1 ESSEX CENTER DRIVE,PEABODY,MA,42.5369864,-70.9465423,synthea
97ed321f-dbe3-3273-8b1f-2d280117c29d,291a9036-ff68-348d-a693-537df0807a12,Samira471,Anderson154,F,GENERAL PRACTICE,427 PLYMOUTH AVENUE,FALL RIVER,MA,41.6956586,-71.1530617,synthea
477ab902-487a-3e60-ab8b-29529a44bb7d,b60f8daf-0362-3c28-9b54-216e7f3e80bd,Edmundo94,Wuckert783,M,GENERAL PRACTICE,1 TROWBRIDGE ROAD,BUZZARDS BAY,MA,41.740785,-70.5980121,synthea
fafbb881-8603-38e6-9891-3b36a22fbe84,d672f853-e2a5-324e-98fa-c6d5f8dfc255,Joellen497,Brekke496,F,GENERAL PRACTICE,9 HOPE AVENUE,WALTHAM,MA,42.3700513,-71.2490152,synthea
2b42b505-7c3b-31e0-add8-a9de5be4311c,98d42012-384f-39d9-b210-cc654b9441f6,Deneen201,Stark857,F,GENERAL PRACTICE,525 LONG POND DRIVE,HARWICH,MA,41.722586,-70.0372004,synthea
2825c9e9-2569-3130-b14f-92a1f20167e7,7ffe74ac-786d-3c6d-bcb9-323352f6149c,September423,Bosco882,F,GENERAL PRACTICE,140 CARANDO DRIVE,SPRINGFIELD,MA,42.1463818,-72.5335973,synthea
d19f9e1b-0c4e-3b21-b9ca-82ff8dd099a9,b06770b5-b695-3c1a-9685-ae2223966ff7,Sammie902,DuBuque211,M,GENERAL PRACTICE,66 SOUTH WASHINGTON STREET,NORTH ATTLEBORO,MA,41.9799756,-71.3329695,synthea
8d866b54-5b40-388b-a022-86fab2c24574,a9afd4c9-8443-3b5a-a486-07c3bb109b3f,Donald774,Simonis280,M,GENERAL PRACTICE,444 MONTGOMERY STREET,CHICOPEE,MA,42.1718584,-72.5849672,synthea
cc14a5d7-d266-3483-87c3-d54a0d0009b7,f7a6cc79-3075-3124-9f62-6fe562440b1d,Clarice719,Denesik803,F,GENERAL PRACTICE,237 STATE ROAD,NORTH DARTMOUTH,MA,41.6392025,-70.9815648,synthea
5e3b9e4f-1180-3d57-8282-c1c6cbb15f00,0f7f97f6-693c-3de9-8190-85feaf4632e2,Remona896,Hahn503,F,GENERAL PRACTICE,1 HARBORSIDE DRIVE,EAST BOSTON,MA,42.3634497,-71.0256963,synthea
2ab7423d-9dec-3cd5-bd55-b42180574ca4,700056a6-3aea-3efd-8423-a9acbd38a5ea,Violeta106,Walter473,F,GENERAL PRACTICE,106 UNITED STATES HIGHWAY 44,RAYNHAM,MA,41.9051941,-71.0609995,synthea
c94e0c0c-18cd-3cf6-8752-2bcf94bbb1f2,308b5efa-a9c2-3728-b1ff-d29c5f060731,Seymour882,Veum823,M,GENERAL PRACTICE,630 PLANTATION STREET,WORCESTER,MA,42.2925591,-71.7603169,synthea
fc348714-9086-3f6d-8a55-211fe4df3b84,90cf148c-69ed-3d33-aa86-b509c6b0b25f,Elida479,O'Keefe54,F,GENERAL PRACTICE,170 GOVERNORS AVENUE,MEDFORD,MA,42.4259086,-71.1113649,synthea
